Company,TypeName,Inches,Price,Ram(GB),Cpu(processor),"Gpu(I,N,A)Brand",SSD,HDD,TouchScreen,Ips_display,OS,PPI
Lenovo,Notebook,15.6,10.421280845617712,4,Intel Core i3,Intel,128,0,0,0,Windows,141.21199808219862
Dell,Notebook,15.6,10.37232400089118,8,Intel Core i7,AMD,0,1000,0,0,Linux,141.21199808219862
Asus,Notebook,15.6,11.144911042902732,8,Intel Core i7,Nvidia,256,1000,0,1,Windows,282.42399616439724
Lenovo,Ultrabook,15.6,10.698190821087582,6,Intel Core i7,Nvidia,256,0,0,0,Windows,141.21199808219862
Toshiba,Notebook,14.0,10.90311893251045,4,Intel Core i5,Intel,128,0,0,1,Windows,111.93520355955212
Lenovo,2 in 1 Convertible,14.0,10.419692282932576,4,Intel Core i3,Intel,256,0,1,1,Windows,157.3505121487356
Lenovo,Notebook,15.6,10.895234994607796,8,Intel Core i5,Nvidia,256,0,0,1,Windows,141.21199808219862
Dell,Notebook,15.6,11.049906436113686,16,Intel Core i7,AMD,256,0,0,0,Windows,141.21199808219862
Lenovo,Gaming,15.6,10.695781181367428,8,Intel Core i5,Nvidia,256,0,0,1,Windows,141.21199808219862
HP,Ultrabook,14.0,11.509254736080766,8,Intel Core i7,Intel,512,0,0,0,Windows,157.3505121487356
Dell,Gaming,15.6,11.274682488942933,16,Intel Core i7,Nvidia,256,1000,0,0,Windows,141.21199808219862
Lenovo,Gaming,15.6,10.671359943290623,8,Intel Core i5,Nvidia,128,1000,0,1,Other,141.21199808219862
Dell,2 in 1 Convertible,13.3,10.742915658911176,8,Intel Core i7,Intel,256,0,1,0,Windows,165.6321180513006
Lenovo,Notebook,15.6,9.771618776997505,8,Intel Celeron,Intel,0,1000,0,0,Other,100.45466986113652
Apple,Ultrabook,13.3,11.555699396421488,8,Intel Core i5,Intel,512,0,0,1,Mac,226.98300468106115
Dell,Notebook,15.6,10.928710232504155,8,Intel Core i5,Intel,0,500,0,0,Windows,141.21199808219862
Lenovo,Notebook,15.6,10.082583913974387,4,Intel Core i3,Intel,0,1000,0,0,Windows,141.21199808219862
Razer,Gaming,14.0,11.947682155153789,16,Intel Core i7,Nvidia,512,0,0,0,Windows,157.3505121487356
HP,Notebook,15.6,10.862092668762644,4,Intel Core i5,Intel,256,0,0,0,Windows,100.45466986113652
Mediacom,Notebook,14.0,9.452024578163645,2,Other Intel,Intel,0,0,0,0,Windows,157.3505121487356
Dell,Notebook,15.6,11.313402478637911,16,Intel Core i7,Nvidia,256,0,0,0,Windows,141.21199808219862
HP,Notebook,15.6,10.450993742936223,6,AMD,AMD,256,0,0,1,Windows,141.21199808219862
Lenovo,2 in 1 Convertible,13.3,11.484896292248726,8,Intel Core i5,Intel,512,0,1,1,Windows,165.6321180513006
Lenovo,Notebook,15.6,10.676292135779944,8,Intel Core i5,AMD,128,1000,0,0,Windows,141.21199808219862
Asus,Gaming,15.6,11.383485348791732,8,Intel Core i5,Nvidia,128,1000,0,1,Windows,141.21199808219862
Dell,Notebook,15.6,10.690944412566814,4,Intel Core i5,Intel,0,500,0,0,Windows,100.45466986113652
Dell,Gaming,15.6,11.064804181259648,8,Intel Core i7,Nvidia,0,1000,0,0,Windows,141.21199808219862
Asus,Gaming,17.3,11.737731633370338,16,Intel Core i7,Nvidia,256,1000,0,1,Windows,127.33567457123112
Lenovo,Notebook,14.0,10.952842367862882,8,Intel Core i5,Intel,256,0,0,1,Windows,157.3505121487356
Asus,Gaming,15.6,11.254189968552817,16,Intel Core i7,Nvidia,128,1000,0,1,Windows,141.21199808219862
Lenovo,Notebook,15.6,9.83063294843456,4,AMD,AMD,128,0,0,0,Windows,100.45466986113652
HP,Notebook,14.0,9.6067728080535,2,Intel Celeron,Intel,0,0,0,0,Windows,111.93520355955212
Asus,Notebook,15.6,10.301710499387234,4,Intel Core i5,Intel,256,0,0,0,Linux,141.21199808219862
HP,Notebook,14.0,10.913835810881007,4,Intel Core i5,Intel,0,500,0,0,Windows,157.3505121487356
Lenovo,Notebook,15.6,10.368432457987426,6,AMD,AMD,256,0,0,0,Windows,141.21199808219862
Dell,Notebook,15.6,10.395555954379276,4,Intel Core i3,AMD,0,1000,0,0,Windows,100.45466986113652
Acer,Notebook,15.6,9.268865850956626,2,Intel Celeron,Intel,16,0,0,0,Other,100.45466986113652
Acer,Notebook,15.6,10.46628456073464,12,Intel Core i7,Intel,0,1000,1,1,Windows,141.21199808219862
HP,Notebook,15.6,10.336863503805128,8,Intel Core i5,Intel,256,0,0,0,Windows,100.45466986113652
Dell,Notebook,15.6,10.298790318518323,8,Intel Core i5,Intel,0,2000,1,0,Windows,100.45466986113652
Asus,2 in 1 Convertible,13.3,11.288114524334732,8,Intel Core i7,Intel,1024,0,1,0,Windows,165.6321180513006
Asus,Notebook,15.6,10.003839546462832,4,Intel Core i3,Intel,256,0,0,0,Linux,141.21199808219862
Dell,2 in 1 Convertible,15.6,11.134075023561454,16,Intel Core i7,Intel,512,0,1,0,Windows,141.21199808219862
HP,Ultrabook,12.5,11.172247597066484,8,Intel Core i7,Intel,256,0,0,0,Windows,176.23257360658386
Dell,Notebook,15.6,10.09739572450197,4,Intel Core i3,AMD,0,1000,0,0,Linux,100.45466986113652
Toshiba,Notebook,14.0,10.794485091507656,4,Intel Core i5,Intel,0,500,0,0,Windows,111.93520355955212
HP,Notebook,15.6,10.435465480609668,8,Intel Core i5,Intel,0,1000,0,0,Windows,141.21199808219862
Asus,Gaming,17.3,10.921575017331362,8,Intel Core i7,Nvidia,0,1000,0,0,Windows,127.33567457123112
Asus,Gaming,17.3,11.291444530741918,16,Intel Core i7,Nvidia,256,1000,0,0,Windows,127.33567457123112
Asus,2 in 1 Convertible,13.3,10.435481129939486,6,Intel Core i5,Intel,0,1000,1,0,Windows,165.6321180513006
Dell,2 in 1 Convertible,13.3,10.450993742936223,4,Intel Core i3,Intel,0,1000,1,0,Windows,165.6321180513006
HP,Notebook,15.6,10.319265697988737,6,AMD,AMD,128,0,0,1,Windows,141.21199808219862
Dell,Gaming,17.3,11.801613023751164,16,Intel Core i7,Nvidia,128,1000,0,1,Windows,127.33567457123112
Lenovo,2 in 1 Convertible,13.3,11.470547260182666,16,Intel Core i7,Intel,1000,0,1,1,Windows,276.053530085501
Acer,2 in 1 Convertible,13.3,10.64634002126892,8,Intel Core i7,Intel,256,0,1,1,Windows,165.6321180513006
Lenovo,Notebook,14.0,9.67600459962282,4,Intel Celeron,Intel,0,500,0,0,Windows,111.93520355955212
Lenovo,Notebook,15.6,9.964522443121997,4,AMD,AMD,128,0,0,0,Windows,141.21199808219862
HP,Notebook,17.3,10.808592759018332,8,Intel Core i5,Intel,256,0,0,0,Windows,127.33567457123112
Lenovo,2 in 1 Convertible,14.0,11.834974180925718,8,Intel Core i7,Intel,256,0,1,0,Windows,209.8006828649808
Dell,Ultrabook,14.0,10.977716980635757,8,Intel Core i7,Intel,256,0,0,0,Linux,157.3505121487356
HP,Notebook,13.3,10.969494001455322,8,Intel Core i7,Intel,256,0,0,0,Windows,165.6321180513006
Lenovo,Notebook,15.6,11.18267988243989,8,Intel Core i5,Intel,256,0,0,0,Windows,141.21199808219862
Dell,Notebook,17.3,11.016097416448089,8,Intel Core i7,AMD,128,1000,0,0,Windows,127.33567457123112
Acer,Notebook,14.0,9.77465368069266,2,Intel Celeron,Intel,0,0,0,0,Other,111.93520355955212
Acer,Notebook,14.0,9.83063294843456,4,Other Intel,Intel,0,0,0,0,Windows,111.93520355955212
HP,Netbook,12.5,11.529371878240363,8,Other Intel,Intel,512,0,0,0,Windows,176.23257360658386
Lenovo,Notebook,14.0,11.265171547683302,8,Intel Core i5,Intel,256,0,0,0,Windows,157.3505121487356
Lenovo,Notebook,15.6,10.188167121983652,4,Intel Core i5,Nvidia,0,1000,0,0,Other,141.21199808219862
HP,Notebook,17.3,10.167923515707006,8,Intel Core i3,Intel,0,1000,0,0,Windows,106.11306214269258
HP,Notebook,15.6,10.584910269399517,4,Intel Core i5,Intel,0,500,0,0,Windows,100.45466986113652
Acer,Gaming,17.3,11.543423631696015,16,Intel Core i7,Nvidia,128,1000,0,1,Windows,127.33567457123112
Lenovo,Notebook,14.0,10.99308509015976,8,Intel Core i5,AMD,256,0,0,1,Windows,157.3505121487356
Google,Ultrabook,12.3,11.32736089528991,8,Intel Core i5,Intel,256,0,1,0,Other,234.50740003017813
Dell,Notebook,15.6,11.203223524960787,8,Intel Core i5,Intel,256,0,0,0,Windows,141.21199808219862
Acer,2 in 1 Convertible,11.6,9.83063294843456,4,Intel Celeron,Intel,0,0,1,1,Windows,189.90579052433608
HP,Notebook,13.3,10.525211768465944,4,Intel Core i5,Intel,256,0,0,1,Windows,165.6321180513006
HP,Notebook,15.6,10.977716980635757,8,Intel Core i5,Nvidia,128,1000,0,1,Windows,141.21199808219862
Lenovo,2 in 1 Convertible,11.3,11.144911042902732,8,Other Intel,Intel,256,0,1,1,Windows,194.94753717542463
Dell,Gaming,17.3,11.781988742399806,16,Intel Core i7,Nvidia,256,1000,0,1,Windows,127.33567457123112
Asus,Ultrabook,14.0,11.510857728676225,8,Intel Core i7,Intel,512,0,0,0,Windows,157.3505121487356
Toshiba,Notebook,15.6,10.675061366393813,8,Intel Core i7,Nvidia,0,500,0,0,Windows,100.45466986113652
HP,Notebook,15.6,10.780175546294757,8,Intel Core i7,Intel,0,1000,0,1,Windows,100.45466986113652
Toshiba,Notebook,13.3,11.061462490597744,4,Intel Core i5,Intel,128,0,0,0,Windows,165.6321180513006
Dell,Notebook,15.6,10.349904182775484,4,Intel Core i3,Intel,0,1000,0,0,Windows,100.45466986113652
Toshiba,Notebook,13.3,11.39733681987678,8,Intel Core i5,Intel,256,0,0,1,Windows,165.6321180513006
Lenovo,Notebook,11.6,9.694067896286716,2,Intel Celeron,Intel,0,0,0,0,Windows,135.0942111925629
Dell,Ultrabook,12.5,11.408044834149251,8,Intel Core i7,Intel,256,0,0,0,Windows,176.23257360658386
HP,Notebook,15.6,10.452533389121816,6,AMD,AMD,128,1000,0,0,Windows,141.21199808219862
Dell,Ultrabook,13.3,11.508719833687696,8,Intel Core i5,Intel,256,0,1,0,Windows,276.053530085501
Dell,Notebook,15.6,11.590080353983309,16,Intel Core i7,Nvidia,512,0,1,0,Windows,282.42399616439724
HP,Notebook,15.6,10.419692282932576,8,AMD,AMD,0,2000,0,0,Windows,100.45466986113652
Samsung,Ultrabook,13.3,11.383485348791732,16,Intel Core i7,Intel,256,0,0,0,Windows,165.6321180513006
Dell,Notebook,15.6,10.580858947180335,4,Intel Core i7,AMD,256,0,0,0,Windows,141.21199808219862
Dell,Notebook,15.6,10.993953872709785,8,Intel Core i5,Intel,256,0,0,0,Windows,141.21199808219862
Asus,Gaming,15.6,11.039464987704202,8,Intel Core i7,Nvidia,0,1000,0,1,Other,141.21199808219862
Dell,Notebook,15.6,10.34717287346399,4,Intel Core i5,AMD,0,500,0,0,Windows,141.21199808219862
Acer,Notebook,15.6,10.030000372501505,4,AMD,AMD,128,0,0,0,Windows,100.45466986113652
Dell,Notebook,14.0,10.576614498925236,4,Intel Core i3,Intel,128,0,0,0,Windows,157.3505121487356
HP,Notebook,15.6,9.82197089913809,4,Intel Core i3,Intel,0,1000,0,0,Other,100.45466986113652
Lenovo,Notebook,17.3,10.35398720988372,4,Intel Core i5,Nvidia,0,1000,0,0,Windows,106.11306214269258
Dell,Notebook,14.0,11.089517135798168,8,Intel Core i5,Intel,256,0,0,0,Windows,157.3505121487356
Lenovo,2 in 1 Convertible,14.0,11.395540949893968,8,Intel Core i7,Intel,256,0,1,1,Windows,157.3505121487356
Dell,Ultrabook,12.5,11.27007418585674,8,Intel Core i5,Intel,256,0,1,0,Windows,176.23257360658386
Lenovo,Notebook,15.6,10.772384744506988,8,Intel Core i7,AMD,0,0,0,0,Windows,141.21199808219862
HP,Notebook,15.6,10.754345923917311,8,Intel Core i5,Nvidia,256,0,0,0,Windows,141.21199808219862
Chuwi,Notebook,15.6,9.476778419617322,4,Other Intel,Intel,0,0,0,0,Windows,141.21199808219862
Asus,Notebook,17.3,10.765658261746038,8,Intel Core i7,Nvidia,128,1000,0,0,Other,127.33567457123112
Lenovo,Notebook,15.6,10.326446742946873,8,Intel Core i5,Intel,256,0,0,1,Other,141.21199808219862
Lenovo,Notebook,15.6,9.506417665734745,4,Intel Celeron,Intel,0,1000,0,0,Other,100.45466986113652
Lenovo,Notebook,13.3,10.882315804880689,8,Intel Core i5,Intel,256,0,0,1,Windows,165.6321180513006
Asus,Gaming,17.3,10.881314302543595,16,Intel Core i7,Nvidia,0,1000,0,1,Other,127.33567457123112
MSI,Gaming,17.3,11.887251546940472,16,Intel Core i7,Nvidia,512,1000,0,0,Windows,127.33567457123112
Lenovo,2 in 1 Convertible,15.6,11.52464373704442,16,Intel Core i7,Nvidia,512,0,1,1,Windows,282.42399616439724
Acer,Notebook,15.6,9.641987714344566,4,Intel Celeron,Intel,0,500,0,0,Linux,100.45466986113652
Lenovo,Notebook,15.6,10.776844060703754,8,Intel Core i7,Nvidia,0,1000,0,1,Windows,141.21199808219862
Dell,Notebook,15.6,10.89180021486258,8,Intel Core i5,Intel,0,500,0,0,Windows,100.45466986113652
Apple,Ultrabook,15.4,11.814475944954545,16,Intel Core i7,AMD,512,0,0,1,Mac,220.53462386625827
Dell,Ultrabook,13.3,11.204674904025437,8,Intel Core i7,Intel,256,0,1,0,Windows,276.053530085501
Lenovo,2 in 1 Convertible,13.3,10.916751081300507,8,Intel Core i5,Intel,256,0,1,1,Windows,165.6321180513006
HP,Notebook,15.6,10.190169124654323,4,Other Intel,Intel,0,1000,0,0,Windows,100.45466986113652
Lenovo,Notebook,15.6,10.519472871796928,6,Intel Core i5,Nvidia,256,0,0,0,Windows,141.21199808219862
Toshiba,Notebook,15.6,11.563884703567355,16,Intel Core i7,Nvidia,256,0,0,1,Windows,141.21199808219862
MSI,Gaming,17.3,11.296213725139731,8,Intel Core i7,Nvidia,128,1000,0,0,Windows,127.33567457123112
Lenovo,Netbook,11.6,10.290919027754468,4,Intel Celeron,Intel,128,0,0,1,Windows,135.0942111925629
HP,Ultrabook,13.3,11.018720942220474,8,Intel Core i7,Intel,256,0,0,1,Windows,276.053530085501
Lenovo,Notebook,15.6,10.696986727022775,8,Intel Core i5,Intel,256,0,0,0,Windows,141.21199808219862
Asus,2 in 1 Convertible,11.6,9.592332123898704,2,Intel Celeron,Intel,0,0,1,0,Windows,135.0942111925629
Acer,Notebook,15.6,9.989276182274937,6,AMD,AMD,0,1000,0,0,Windows,100.45466986113652
Acer,Notebook,11.6,10.159709917169616,4,Other Intel,Intel,0,0,0,0,Windows,135.0942111925629
Dell,Notebook,15.6,10.607562803627763,8,Intel Core i5,AMD,0,2000,0,0,Windows,141.21199808219862
Dell,Workstation,15.6,11.572957346444928,8,Other Intel,Nvidia,0,1000,0,0,Windows,141.21199808219862
Acer,Notebook,15.6,9.967025573340116,4,AMD,AMD,0,500,0,0,Windows,100.45466986113652
HP,Notebook,15.6,10.55342238395318,8,Intel Core i7,AMD,256,0,0,0,Windows,141.21199808219862
Dell,Notebook,15.6,10.56311104105693,8,Intel Core i5,Intel,0,1000,0,0,Linux,141.21199808219862
HP,Ultrabook,15.6,11.143362500418624,8,Intel Core i7,AMD,256,0,0,0,Windows,141.21199808219862
Acer,Notebook,15.6,10.370822624347584,4,Intel Core i5,Intel,256,0,0,0,Windows,100.45466986113652
HP,Notebook,15.6,10.14517175872359,4,Intel Core i3,Intel,0,1000,0,0,Windows,141.21199808219862
HP,Ultrabook,12.5,12.01471841670537,8,Other Intel,Intel,240,0,1,0,Windows,352.4651472131677
Dell,Gaming,17.3,12.1806155047626,32,Intel Core i7,Nvidia,1000,1000,0,0,Windows,254.67134914246225
Lenovo,Notebook,15.6,10.38737929394203,4,Intel Core i5,Nvidia,0,1000,0,0,Windows,141.21199808219862
Lenovo,Gaming,15.6,11.105659536357711,8,Intel Core i7,Nvidia,128,1000,0,1,Windows,141.21199808219862
Asus,Notebook,15.6,10.620651995737775,8,Intel Core i5,Nvidia,256,0,0,0,Windows,141.21199808219862
HP,Gaming,17.3,11.575963360732532,12,Intel Core i7,Nvidia,256,1000,0,0,Windows,127.33567457123112
Lenovo,Notebook,15.6,10.38737929394203,12,Intel Core i7,Intel,0,1000,1,0,Windows,100.45466986113652
Dell,Notebook,15.6,11.238652353231751,16,Intel Core i5,Intel,512,0,0,0,Windows,141.21199808219862
Dell,Notebook,15.6,10.490273717104664,8,Intel Core i5,AMD,0,1000,0,0,Windows,141.21199808219862
HP,Notebook,15.6,10.059354039524033,4,Intel Core i3,AMD,0,500,0,0,Windows,100.45466986113652
Acer,Notebook,13.3,10.460196261867386,4,Intel Core i5,Intel,128,0,0,0,Windows,117.82653006268644
HP,Notebook,14.0,9.409283029786373,4,Intel Celeron,Intel,32,0,0,0,Windows,111.93520355955212
Asus,Notebook,14.0,9.60318213992277,4,Intel Celeron,Intel,0,0,0,0,Windows,111.93520355955212
Asus,Gaming,17.3,11.224776083346525,16,Intel Core i7,Nvidia,256,1000,0,0,Windows,127.33567457123112
Apple,Ultrabook,15.4,11.775302049361828,16,Intel Core i7,AMD,256,0,0,1,Mac,220.53462386625827
Dell,Notebook,15.6,11.047982926769505,8,Intel Core i5,Intel,256,0,0,0,Windows,141.21199808219862
Lenovo,Ultrabook,14.0,11.288114524334732,8,Intel Core i5,Intel,256,0,0,1,Windows,157.3505121487356
Asus,Ultrabook,15.6,11.267217235406594,16,Intel Core i7,Nvidia,512,0,0,0,Windows,141.21199808219862
HP,Notebook,14.0,10.893771459117888,8,Intel Core i5,Intel,256,0,0,0,Windows,157.3505121487356
Asus,Gaming,15.6,11.52464373704442,16,Intel Core i7,Nvidia,128,1000,0,0,Windows,141.21199808219862
HP,2 in 1 Convertible,13.3,11.37128263483418,8,Intel Core i5,Intel,256,0,1,0,Windows,165.6321180513006
Dell,2 in 1 Convertible,13.3,11.478299236986985,8,Intel Core i5,Intel,256,0,1,0,Windows,276.053530085501
Dell,Notebook,15.6,10.118930877053268,4,Intel Core i3,AMD,0,1000,0,0,Linux,100.45466986113652
Acer,Notebook,17.3,10.419692282932576,8,Intel Core i3,Nvidia,0,1000,0,0,Windows,106.11306214269258
Lenovo,Gaming,15.6,10.872255357854844,8,Intel Core i5,Nvidia,128,1000,0,1,Other,141.21199808219862
Lenovo,Notebook,15.6,10.83096982484206,12,AMD,AMD,512,0,0,0,Windows,141.21199808219862
Dell,Notebook,15.6,9.950616680806068,4,Other Intel,Intel,0,500,0,0,Linux,100.45466986113652
Acer,Gaming,17.3,11.838443060873624,16,Intel Core i7,Nvidia,256,1000,0,1,Windows,127.33567457123112
Asus,Notebook,15.6,10.3556835631319,8,Intel Core i5,Intel,0,128,0,0,Windows,141.21199808219862
Asus,Notebook,15.6,9.964522443121997,8,Intel Celeron,Intel,0,1000,0,0,Windows,100.45466986113652
Dell,Ultrabook,12.5,11.037726951247386,4,Intel Core i3,Intel,128,0,0,0,Windows,125.36742798669836
Lenovo,2 in 1 Convertible,14.0,11.799206957067089,16,Intel Core i7,Intel,512,0,1,0,Windows,209.8006828649808
Asus,Notebook,15.6,10.594300009749354,8,Intel Core i5,Intel,0,1000,0,0,Windows,141.21199808219862
Lenovo,Notebook,17.3,10.55342238395318,6,Intel Core i5,Nvidia,128,1000,0,0,Windows,106.11306214269258
Asus,Notebook,15.6,10.329931067029484,4,AMD,AMD,128,1000,0,0,Windows,141.21199808219862
Lenovo,Notebook,15.6,11.212620052356872,8,Intel Core i5,Intel,256,0,0,1,Windows,141.21199808219862
Dell,Notebook,15.6,11.081544019025282,16,Intel Core i7,AMD,256,2000,0,0,Windows,141.21199808219862
HP,Notebook,15.6,10.329931067029484,8,Intel Core i5,Intel,256,0,0,0,Other,141.21199808219862
Apple,Ultrabook,15.4,11.64410811545818,16,Intel Core i7,Intel,0,0,0,1,Mac,220.53462386625827
Asus,2 in 1 Convertible,15.6,10.977716980635757,12,Intel Core i7,Nvidia,512,2000,1,0,Windows,141.21199808219862
Dell,Ultrabook,13.3,11.799206957067089,16,Intel Core i7,Intel,1000,0,1,1,Windows,331.2642361026012
Dell,Ultrabook,13.3,10.682851144184026,4,Intel Core i5,AMD,256,0,0,1,Windows,165.6321180513006
Asus,Netbook,11.6,9.638174223850264,4,Intel Celeron,Intel,0,0,0,0,Other,135.0942111925629
HP,Notebook,17.3,11.130176383145796,8,Intel Core i7,Nvidia,0,1000,0,0,Windows,127.33567457123112
MSI,Gaming,17.3,11.352694739066088,16,Intel Core i7,Nvidia,256,1000,0,0,Windows,127.33567457123112
Dell,Gaming,17.3,12.030401247333158,32,Intel Core i7,Nvidia,256,1000,0,1,Windows,127.33567457123112
Dell,Ultrabook,13.3,10.812765077263236,8,Intel Core i7,AMD,256,0,0,1,Windows,165.6321180513006
HP,Notebook,15.6,10.821440901496183,4,Intel Core i5,Intel,0,500,0,0,Windows,141.21199808219862
Dell,Notebook,15.6,10.660172753900062,8,Intel Core i5,AMD,256,0,0,0,Windows,141.21199808219862
Lenovo,Gaming,15.6,10.911903762066183,16,Intel Core i7,Nvidia,128,1000,1,1,Windows,141.21199808219862
Asus,Gaming,17.3,11.352694739066088,8,Intel Core i7,Nvidia,256,1000,0,1,Windows,127.33567457123112
Acer,Netbook,11.6,10.050907057320815,4,Intel Celeron,Intel,128,0,0,0,Windows,135.0942111925629
Lenovo,2 in 1 Convertible,13.3,11.288114524334732,16,Intel Core i7,Intel,512,0,1,1,Windows,276.053530085501
Dell,Gaming,15.6,11.2874471903093,8,Intel Core i7,Nvidia,128,1000,0,0,Windows,282.42399616439724
Acer,Gaming,15.6,10.657669623681942,8,Intel Core i5,Nvidia,0,1000,0,0,Linux,141.21199808219862
Toshiba,Notebook,14.0,10.188167121983652,4,Other Intel,Intel,128,0,0,0,Windows,111.93520355955212
HP,Notebook,15.6,10.78900562574303,4,Intel Core i5,Intel,0,500,0,0,Windows,141.21199808219862
Toshiba,Notebook,15.6,11.221929106334594,16,Intel Core i7,Nvidia,512,0,0,1,Windows,141.21199808219862
Dell,Ultrabook,13.3,11.204674904025437,8,Intel Core i7,Intel,256,0,0,0,Windows,165.6321180513006
Asus,Notebook,15.6,11.085440489304403,8,Intel Core i7,Intel,256,1000,0,0,Windows,141.21199808219862
HP,Notebook,15.6,10.075655737865564,8,AMD,AMD,128,0,0,0,Windows,100.45466986113652
Asus,Gaming,17.3,11.0547454208418,8,Intel Core i7,Nvidia,0,1000,0,0,Windows,127.33567457123112
Dell,Notebook,15.6,10.012572388296086,4,Intel Core i3,Intel,0,1000,0,0,Windows,100.45466986113652
Dell,Ultrabook,15.6,10.931153634628432,8,Intel Core i5,Nvidia,128,1000,0,1,Windows,141.21199808219862
Acer,Notebook,15.6,10.336863503805128,8,AMD,AMD,0,1000,0,0,Windows,100.45466986113652
Asus,Gaming,17.3,11.144911042902732,8,AMD,AMD,256,1000,0,0,Windows,127.33567457123112
HP,Notebook,14.0,10.863113597896753,8,Intel Core i5,Intel,256,0,0,0,Windows,157.3505121487356
Lenovo,Notebook,15.6,10.003598553570956,4,Intel Core i3,Intel,0,1000,0,0,Windows,141.21199808219862
Asus,Gaming,17.3,11.129394827810977,32,Intel Core i7,Nvidia,512,0,0,1,Windows,127.33567457123112
Dell,Notebook,15.6,10.619090308798832,8,Intel Core i7,AMD,256,0,0,0,Windows,141.21199808219862
Dell,2 in 1 Convertible,13.3,11.144911042902732,12,Intel Core i7,Intel,256,0,1,1,Windows,165.6321180513006
Lenovo,Notebook,15.6,10.283659467741664,8,Intel Core i5,Intel,256,0,0,0,Other,141.21199808219862
Acer,Notebook,15.6,10.147261623643049,6,Intel Core i3,Intel,0,1000,1,1,Windows,141.21199808219862
Asus,Ultrabook,14.0,11.525170191386666,16,Intel Core i7,Intel,512,0,0,0,Windows,157.3505121487356
Dell,Notebook,15.6,11.442360501250736,8,Intel Core i5,Nvidia,256,0,1,0,Windows,282.42399616439724
Dell,Netbook,11.6,9.662536382571954,4,Intel Celeron,Intel,0,0,0,0,Other,135.0942111925629
Dell,Notebook,15.6,10.744054237880762,8,Intel Core i7,AMD,256,0,0,0,Windows,141.21199808219862
Lenovo,Workstation,15.6,11.53824227295402,8,Intel Core i7,Nvidia,512,0,0,0,Windows,141.21199808219862
Toshiba,Notebook,15.6,10.634854945915771,4,Intel Core i5,Intel,0,500,0,0,Windows,100.45466986113652
Dell,Gaming,17.3,12.0059347920825,32,Intel Core i7,Nvidia,512,1000,0,1,Windows,127.33567457123112
Dell,Notebook,15.6,10.841452101115571,4,Intel Core i5,Intel,0,500,0,0,Windows,100.45466986113652
Lenovo,Notebook,14.0,10.370822624347584,4,Intel Core i3,Intel,128,0,0,1,Windows,157.3505121487356
Dell,Notebook,15.6,10.81610755552082,8,Intel Core i5,Intel,0,500,0,0,Windows,141.21199808219862
HP,Ultrabook,15.6,10.598297350181973,8,Intel Core i7,Intel,256,0,0,0,Windows,141.21199808219862
Dell,Notebook,17.3,10.46628456073464,4,Intel Core i3,AMD,0,1000,0,0,Windows,106.11306214269258
Lenovo,Notebook,15.6,10.646327347078008,8,Intel Core i5,Nvidia,128,1000,0,1,Windows,141.21199808219862
Dell,Notebook,15.6,11.482152806302976,8,Intel Core i7,Nvidia,256,0,0,0,Windows,141.21199808219862
HP,Ultrabook,15.6,11.658835785532077,8,Intel Core i7,Intel,256,0,0,0,Windows,141.21199808219862
LG,Ultrabook,14.0,11.52464373704442,8,Intel Core i7,Intel,512,0,1,1,Windows,157.3505121487356
Lenovo,Notebook,14.0,9.652314828500415,4,Intel Celeron,Intel,0,0,0,0,Windows,111.93520355955212
HP,Notebook,15.6,9.641641633704324,4,Intel Celeron,Intel,0,1000,0,0,Other,100.45466986113652
HP,Notebook,15.6,9.964522443121997,4,AMD,AMD,0,500,0,0,Windows,100.45466986113652
HP,2 in 1 Convertible,13.3,11.7789960831843,16,Intel Core i7,Intel,1000,0,1,1,Windows,331.2642361026012
Asus,Notebook,14.0,9.672654512737536,4,Intel Celeron,Intel,0,0,0,0,Windows,157.3505121487356
HP,Netbook,12.5,11.395540949893968,8,Intel Core i5,Intel,256,0,0,0,Windows,176.23257360658386
Asus,Notebook,15.6,9.692588727638356,4,Other Intel,Intel,0,500,0,0,Windows,100.45466986113652
Dell,Notebook,15.6,10.772395917628929,8,Intel Core i7,Nvidia,256,0,0,0,Linux,141.21199808219862
Dell,2 in 1 Convertible,15.0,10.208009042782656,4,Intel Core i3,Intel,0,500,1,0,Windows,146.86047800548656
HP,Notebook,13.3,10.397183294038651,4,Other Intel,Intel,0,0,0,0,Other,276.053530085501
HP,Notebook,15.6,9.962013031516571,4,AMD,AMD,0,1000,0,0,Windows,141.21199808219862
Dell,Notebook,15.6,9.858883414720411,4,Intel Core i3,Intel,0,1000,0,0,Linux,100.45466986113652
Dell,Notebook,17.3,11.144911042902732,16,Intel Core i7,AMD,256,2000,0,0,Windows,127.33567457123112
Lenovo,Workstation,15.6,11.777361428141106,16,Intel Core i7,Nvidia,512,0,0,1,Windows,282.42399616439724
Toshiba,Ultrabook,12.5,11.465531925066934,8,Intel Core i7,Intel,512,0,1,0,Windows,176.23257360658386
HP,Notebook,13.3,11.063134731790107,16,Intel Core i7,Intel,512,0,0,0,Windows,165.6321180513006
Dell,2 in 1 Convertible,13.3,11.52464373704442,16,Intel Core i7,Intel,512,0,1,0,Windows,276.053530085501
Dell,Ultrabook,13.3,11.273329308763511,8,Intel Core i7,Intel,256,0,1,0,Windows,276.053530085501
HP,Notebook,15.6,11.148752768718731,8,Intel Core i7,Intel,256,0,0,0,Windows,141.21199808219862
Dell,2 in 1 Convertible,13.3,10.70777173269934,8,Intel Core i7,Intel,0,1000,1,1,Windows,165.6321180513006
Lenovo,Notebook,17.3,10.73132994821639,6,Intel Core i7,Nvidia,128,1000,0,0,Windows,106.11306214269258
HP,Notebook,15.6,10.510802297245792,4,Intel Core i3,Intel,128,0,0,0,Windows,100.45466986113652
HP,Ultrabook,14.0,11.254189968552817,8,Intel Core i7,Intel,256,0,0,0,Windows,157.3505121487356
Dell,Notebook,14.0,11.23889064370897,8,Intel Core i5,Intel,256,0,0,0,Windows,157.3505121487356
Razer,Gaming,14.0,12.135793518599822,16,Intel Core i7,Nvidia,1000,0,0,0,Windows,157.3505121487356
Dell,Notebook,15.6,10.742904151497523,4,Intel Core i5,Intel,0,500,0,0,Linux,100.45466986113652
HP,Gaming,17.3,11.219074000897615,8,Intel Core i5,Nvidia,128,1000,0,1,Windows,127.33567457123112
Asus,2 in 1 Convertible,15.6,10.580858947180335,8,Intel Core i5,Intel,0,1000,1,0,Windows,100.45466986113652
Microsoft,Ultrabook,13.5,11.470547260182666,8,Intel Core i7,Intel,256,0,1,0,Windows,200.84255993695703
Acer,Notebook,14.0,9.771618776997505,4,Intel Celeron,Intel,0,0,0,0,Windows,157.3505121487356
Dell,Notebook,15.6,10.647353436437802,8,Intel Core i5,AMD,256,0,0,0,Windows,141.21199808219862
Lenovo,2 in 1 Convertible,13.9,11.49796125761926,16,Intel Core i7,Intel,512,0,1,1,Windows,316.96506044349616
Asus,Ultrabook,15.6,11.116014069333293,16,Intel Core i7,Nvidia,256,1000,0,0,Windows,141.21199808219862
Asus,Notebook,14.0,9.67600459962282,4,Intel Celeron,Intel,0,0,0,0,Windows,111.93520355955212
Acer,Netbook,11.6,9.84767881570755,4,Intel Celeron,Intel,0,0,0,1,Other,135.0942111925629
Dell,Workstation,15.6,12.000095897837827,16,Other Intel,Nvidia,256,1000,0,0,Windows,282.42399616439724
Lenovo,2 in 1 Convertible,13.3,11.588886005772771,8,Intel Core i7,Intel,512,0,1,1,Windows,165.6321180513006
Dell,Notebook,14.0,11.06979587215689,8,Intel Core i5,Intel,256,0,0,0,Windows,157.3505121487356
Acer,Notebook,15.6,9.783703516212578,4,Intel Celeron,Intel,0,500,0,0,Windows,100.45466986113652
HP,Notebook,14.0,11.29741074002049,8,Intel Core i5,Intel,256,0,0,0,Windows,157.3505121487356
MSI,Gaming,15.6,11.702152960779438,16,Intel Core i7,Nvidia,256,1000,0,0,Windows,141.21199808219862
HP,Notebook,15.6,10.534467797525002,4,Intel Core i3,Intel,128,0,0,0,Windows,141.21199808219862
Toshiba,Notebook,15.6,10.651384247866982,8,Intel Core i5,Intel,128,0,0,0,Windows,100.45466986113652
Asus,Gaming,17.3,10.81931097523836,8,Intel Core i5,Nvidia,128,1000,0,0,Windows,127.33567457123112
Lenovo,Workstation,15.6,11.50120100127367,16,Intel Core i7,Nvidia,512,0,0,0,Windows,141.21199808219862
Dell,Ultrabook,15.6,10.975129468486722,8,Intel Core i5,Intel,256,0,0,1,Windows,141.21199808219862
Samsung,Ultrabook,15.0,11.413356147904066,8,Intel Core i7,Intel,256,0,0,0,Windows,146.86047800548656
Dell,Notebook,15.6,11.197396851520583,8,Intel Core i7,Nvidia,256,0,0,0,Windows,141.21199808219862
Dell,Notebook,15.6,11.116014069333293,8,Intel Core i7,Nvidia,512,0,0,1,Windows,141.21199808219862
MSI,Gaming,15.6,11.470547260182666,16,Intel Core i7,Nvidia,256,1000,0,1,Windows,141.21199808219862
HP,Notebook,13.3,10.490273717104664,4,Intel Core i5,Intel,0,500,0,1,Windows,165.6321180513006
Toshiba,Notebook,15.6,10.925417481232904,8,Intel Core i7,Nvidia,256,0,0,1,Windows,141.21199808219862
Lenovo,Notebook,15.6,10.126163794678414,4,Intel Core i3,Intel,0,1000,0,0,Other,141.21199808219862
Lenovo,2 in 1 Convertible,14.0,11.775314344519382,16,Intel Core i7,Intel,512,0,1,1,Windows,209.8006828649808
Asus,Gaming,15.6,10.882315804880689,8,Intel Core i7,Nvidia,256,0,0,0,Windows,141.21199808219862
Dell,Notebook,15.6,10.159709917169616,4,Intel Core i3,AMD,256,0,0,0,Linux,141.21199808219862
HP,Ultrabook,13.3,11.56084210487126,8,Intel Core i7,Intel,512,0,0,0,Windows,165.6321180513006
Asus,Gaming,17.3,11.442360501250736,16,Intel Core i7,Nvidia,256,1000,0,0,Windows,127.33567457123112
HP,Netbook,12.5,11.277383368370064,8,Intel Core i7,Intel,512,0,0,0,Windows,176.23257360658386
Dell,Notebook,17.3,10.738290533164012,8,Intel Core i7,AMD,0,1000,0,0,Linux,127.33567457123112
Lenovo,Notebook,15.6,11.557785126252114,8,Intel Core i5,Intel,512,0,0,1,Windows,141.21199808219862
Lenovo,Ultrabook,14.0,11.470547260182666,8,Intel Core i5,Intel,256,0,0,1,Windows,157.3505121487356
HP,Notebook,15.6,9.669293165034832,4,AMD,AMD,0,500,0,0,Windows,100.45466986113652
Lenovo,Notebook,17.3,10.450993742936223,6,Intel Core i5,Nvidia,0,1000,0,0,Windows,106.11306214269258
Lenovo,Notebook,15.6,10.93172544442196,8,Intel Core i5,Intel,256,0,0,0,Windows,141.21199808219862
Dell,Workstation,15.6,11.64178295189486,8,Intel Core i7,Nvidia,256,0,0,1,Windows,141.21199808219862
Dell,Notebook,15.6,10.776844060703754,16,Intel Core i7,AMD,256,0,0,0,Linux,141.21199808219862
Acer,Notebook,15.6,10.188167121983652,4,Intel Core i3,Intel,0,1000,0,0,Windows,141.21199808219862
HP,Notebook,14.0,11.26789820240601,8,Intel Core i5,Intel,256,0,0,0,Windows,157.3505121487356
Lenovo,Notebook,15.6,9.861637279518702,4,Other Intel,Intel,0,1000,0,0,Other,100.45466986113652
Lenovo,2 in 1 Convertible,13.3,11.551145677789926,8,Intel Core i7,Intel,256,0,1,1,Windows,165.6321180513006
HP,Notebook,14.0,11.061462490597744,8,Intel Core i5,Intel,256,0,0,0,Windows,157.3505121487356
Apple,Ultrabook,13.3,11.596266113070396,8,Intel Core i5,Intel,512,0,0,1,Mac,226.98300468106115
Dell,Notebook,15.6,10.620847035233894,4,Intel Core i5,AMD,0,500,0,0,Windows,100.45466986113652
HP,Notebook,13.3,10.842494310694017,8,Intel Core i5,Intel,256,0,0,0,Windows,165.6321180513006
Dell,Ultrabook,13.3,10.837272366712863,8,Intel Core i7,AMD,256,0,0,1,Windows,165.6321180513006
Asus,Ultrabook,14.0,10.931153634628432,8,Intel Core i7,Intel,256,0,0,0,Windows,157.3505121487356
Asus,2 in 1 Convertible,13.3,11.189329334350775,8,Intel Core i5,Intel,256,0,1,0,Windows,165.6321180513006
Dell,Ultrabook,13.3,11.508719833687696,16,Intel Core i7,Intel,512,0,1,0,Windows,276.053530085501
Dell,Ultrabook,13.3,11.68979217108122,16,Intel Core i7,Intel,512,0,1,0,Windows,276.053530085501
MSI,Gaming,15.6,10.910678521970082,8,Intel Core i5,Nvidia,256,0,0,0,Windows,141.21199808219862
Dell,Notebook,14.0,11.047982926769505,8,Intel Core i5,Nvidia,256,0,0,0,Windows,157.3505121487356
HP,Notebook,15.6,10.49618215379083,8,Intel Core i7,Intel,256,0,0,0,Windows,141.21199808219862
Dell,Gaming,17.3,11.89782208458538,16,Intel Core i7,Nvidia,512,1000,0,0,Windows,169.78089942830815
Dell,Notebook,13.3,10.71962021254348,4,Intel Core i3,Intel,0,500,0,0,Windows,117.82653006268644
Dell,Notebook,15.6,10.726662495168894,8,Intel Core i7,Intel,128,1000,0,0,Windows,141.21199808219862
Acer,Notebook,15.6,9.954446791133256,4,AMD,AMD,0,1000,0,0,Windows,100.45466986113652
MSI,Gaming,15.6,11.715790550995315,16,Intel Core i7,Nvidia,256,2000,0,0,Windows,282.42399616439724
HP,Notebook,14.0,10.732493415479688,8,Intel Core i5,Intel,256,0,0,0,Windows,157.3505121487356
Microsoft,Ultrabook,13.5,10.872255357854844,4,Other Intel,Intel,128,0,1,0,Windows,200.84255993695703
Lenovo,Notebook,15.6,10.419692282932576,8,Intel Core i7,Nvidia,0,500,0,0,Other,100.45466986113652
Dell,Notebook,15.6,10.578148918421473,4,Intel Core i5,Intel,0,500,0,0,Windows,100.45466986113652
HP,Notebook,15.6,9.824885806178992,4,Intel Celeron,Intel,0,500,0,0,Windows,100.45466986113652
LG,Ultrabook,15.6,11.715790550995315,8,Intel Core i7,Intel,512,0,0,1,Windows,141.21199808219862
Dell,Gaming,15.6,10.83096982484206,8,Intel Core i5,Nvidia,0,0,0,0,Windows,141.21199808219862
MSI,Gaming,17.3,11.69380197819145,16,Intel Core i7,Nvidia,256,1000,0,0,Windows,127.33567457123112
HP,Notebook,13.3,11.413356147904066,8,Other Intel,Intel,256,0,1,0,Windows,276.053530085501
HP,2 in 1 Convertible,11.6,10.180118788800824,8,Intel Celeron,Intel,0,0,1,0,Other,135.0942111925629
MSI,Gaming,17.3,11.182294337407903,8,Intel Core i7,Nvidia,128,1000,0,0,Windows,127.33567457123112
Microsoft,Ultrabook,13.5,11.17598591917709,8,Intel Core i5,Intel,256,0,1,0,Windows,200.84255993695703
HP,2 in 1 Convertible,13.3,11.470547260182666,4,Intel Core i5,Intel,256,0,1,0,Windows,165.6321180513006
Acer,Notebook,15.6,9.317895278196945,4,Intel Celeron,Intel,16,0,0,0,Other,100.45466986113652
Lenovo,Notebook,14.0,10.370822624347584,8,Intel Core i3,Intel,256,0,0,1,Other,157.3505121487356
Dell,Notebook,15.6,10.034684221813931,4,Intel Core i3,AMD,0,1000,0,0,Linux,141.21199808219862
Acer,Notebook,15.6,9.993667504286536,4,Intel Core i3,Intel,0,500,0,0,Windows,100.45466986113652
Asus,Gaming,17.3,12.241725462844624,32,Intel Core i7,Nvidia,512,1000,0,0,Windows,127.33567457123112
HP,Notebook,15.6,10.65264448747927,8,Intel Core i5,Intel,0,1000,0,0,Windows,141.21199808219862
Asus,Ultrabook,14.0,10.977716980635757,8,Intel Core i7,Intel,256,0,0,0,Windows,157.3505121487356
Dell,Ultrabook,13.3,10.977716980635757,8,Intel Core i5,Intel,256,0,1,0,Linux,276.053530085501
Lenovo,Notebook,17.3,10.167923515707006,4,AMD,AMD,128,0,0,0,Windows,106.11306214269258
Asus,Notebook,17.3,10.310615277730191,4,Intel Core i3,Nvidia,0,1000,0,0,Windows,127.33567457123112
Acer,Notebook,15.6,9.858883414720411,4,Intel Celeron,Intel,0,0,0,1,Other,141.21199808219862
Dell,2 in 1 Convertible,15.6,10.683645110085203,8,Intel Core i7,Intel,0,1000,1,1,Windows,141.21199808219862
Dell,Notebook,15.6,10.23296037890921,4,Intel Core i5,Intel,0,1000,0,0,Linux,100.45466986113652
Acer,Ultrabook,14.0,10.621951541079865,8,Intel Core i5,Intel,256,0,0,1,Windows,157.3505121487356
Microsoft,Ultrabook,13.5,11.83458800598367,16,Intel Core i7,Intel,512,0,1,0,Windows,200.84255993695703
Dell,Notebook,14.0,10.99575173454406,8,Intel Core i5,Intel,128,0,0,0,Windows,157.3505121487356
Samsung,Notebook,15.6,11.413356147904066,16,Intel Core i7,Nvidia,128,1000,0,0,Windows,141.21199808219862
Lenovo,2 in 1 Convertible,14.0,11.803200572598556,16,Intel Core i7,Intel,512,0,1,0,Windows,209.8006828649808
Dell,Notebook,15.6,10.475348066887989,8,Intel Core i3,Intel,256,0,0,0,Windows,100.45466986113652
Asus,Gaming,17.3,11.525170191386666,16,Intel Core i7,Nvidia,128,1000,0,1,Windows,127.33567457123112
Lenovo,Notebook,17.3,10.83096982484206,6,Intel Core i7,Nvidia,128,1000,0,0,Windows,106.11306214269258
Acer,Notebook,15.6,10.274510273088076,4,Intel Core i3,Nvidia,0,1000,0,0,Windows,141.21199808219862
Asus,Notebook,15.6,9.88635767027266,4,Intel Celeron,Intel,0,500,0,0,Windows,100.45466986113652
HP,Notebook,15.6,9.88635767027266,4,AMD,AMD,256,0,0,0,Windows,100.45466986113652
HP,Notebook,15.6,10.403650143697382,8,Intel Core i5,AMD,256,0,0,0,Windows,100.45466986113652
Asus,Notebook,14.0,10.620651995737775,4,Intel Core i3,Intel,256,0,0,0,Windows,157.3505121487356
Lenovo,Notebook,14.0,10.73132994821639,8,Intel Core i7,Nvidia,256,0,0,1,Windows,157.3505121487356
MSI,Gaming,18.4,11.912578515747589,32,Intel Core i7,Nvidia,512,1000,0,0,Windows,119.7232157653423
MSI,Gaming,15.6,11.02220830408089,8,Intel Core i7,Nvidia,128,1000,0,0,Windows,141.21199808219862
HP,Notebook,15.6,10.50497986449436,4,Intel Core i3,Intel,0,500,0,0,Windows,141.21199808219862
Acer,Gaming,15.6,10.53941655276426,8,Intel Core i5,Nvidia,0,1000,0,0,Linux,141.21199808219862
HP,Netbook,11.6,9.317895278196945,2,Intel Celeron,Intel,0,0,0,0,Windows,135.0942111925629
Apple,Ultrabook,13.3,11.03061499223515,8,Intel Core i5,Intel,0,0,0,0,Mac,127.67794013309688
Lenovo,Ultrabook,12.5,11.421848531521595,8,Intel Core i7,Intel,256,0,1,1,Windows,176.23257360658386
Toshiba,Notebook,13.3,11.261752740934517,8,Intel Core i5,Intel,256,0,0,0,Windows,165.6321180513006
Dell,Gaming,15.6,10.882315804880689,8,Intel Core i5,Nvidia,0,1000,0,0,Windows,141.21199808219862
Dell,Notebook,15.6,11.853716362735458,32,Intel Core i7,Nvidia,1000,0,1,0,Windows,282.42399616439724
Dell,Notebook,15.6,10.370822624347584,4,Intel Core i5,AMD,0,500,0,0,Windows,100.45466986113652
MSI,Gaming,15.6,11.064804181259648,8,Intel Core i7,Nvidia,128,1000,0,0,Windows,141.21199808219862
MSI,Gaming,17.3,11.799206957067089,16,Intel Core i7,Nvidia,512,1000,0,0,Windows,127.33567457123112
Fujitsu,Notebook,15.6,10.450993742936223,4,Intel Core i5,Intel,256,0,0,0,Windows,100.45466986113652
HP,Ultrabook,12.5,11.314449160071012,4,Intel Core i5,Intel,0,500,0,0,Windows,176.23257360658386
Toshiba,Notebook,15.6,11.211180167298885,8,Intel Core i7,Intel,256,0,0,1,Windows,141.21199808219862
Microsoft,Ultrabook,13.5,11.508104342010856,8,Intel Core i7,Intel,256,0,1,0,Windows,200.84255993695703
Dell,Notebook,15.6,10.30099467974321,4,Intel Core i3,Intel,0,1000,0,0,Windows,100.45466986113652
Lenovo,Notebook,14.0,11.17598591917709,8,Intel Core i5,Intel,256,0,0,0,Windows,157.3505121487356
MSI,Gaming,15.6,10.996564630149608,8,Intel Core i5,Nvidia,128,1000,0,0,Windows,141.21199808219862
Asus,Notebook,15.6,10.720679721736714,4,Intel Core i7,Intel,256,0,0,0,Windows,100.45466986113652
HP,2 in 1 Convertible,11.6,10.397183294038651,4,Intel Celeron,Intel,0,0,1,0,Other,135.0942111925629
Asus,Notebook,15.6,11.442360501250736,16,Intel Core i7,Nvidia,128,1000,0,0,Windows,141.21199808219862
Lenovo,Notebook,17.3,10.227464909398025,8,AMD,AMD,0,1000,0,0,Windows,106.11306214269258
Toshiba,Notebook,15.6,10.732493415479688,8,Intel Core i5,Intel,0,500,0,1,Windows,141.21199808219862
Dell,Notebook,15.6,10.731341589592168,16,Intel Core i7,AMD,0,1000,1,0,Windows,141.21199808219862
Asus,Notebook,17.3,10.767905453702944,8,Intel Core i5,Nvidia,256,500,0,0,Windows,127.33567457123112
Dell,Ultrabook,12.5,11.229102177820836,8,Intel Core i5,Intel,256,0,0,0,Windows,125.36742798669836
HP,Notebook,15.6,9.83063294843456,4,Intel Core i3,Intel,0,500,0,0,Other,141.21199808219862
HP,Notebook,17.3,10.860047678274915,8,Intel Core i5,Nvidia,128,1000,0,0,Windows,127.33567457123112
MSI,Gaming,17.3,11.590859366057948,16,Intel Core i7,Nvidia,256,1000,0,0,Windows,127.33567457123112
Lenovo,Notebook,15.6,10.013431946154272,4,Intel Celeron,Intel,0,500,0,0,Windows,100.45466986113652
Lenovo,2 in 1 Convertible,14.0,11.601341447040118,8,Intel Core i7,Nvidia,512,0,1,1,Windows,157.3505121487356
Lenovo,Notebook,14.0,9.409283029786373,2,Intel Celeron,Intel,0,0,0,0,Windows,111.93520355955212
Acer,Notebook,15.6,10.324700017611931,4,Intel Core i3,Nvidia,256,0,0,0,Windows,141.21199808219862
HP,Ultrabook,12.5,11.064804181259648,8,Intel Core i5,Intel,256,0,0,0,Windows,176.23257360658386
Lenovo,Notebook,15.6,9.989276182274937,4,Intel Core i3,Intel,0,500,0,0,Windows,141.21199808219862
Asus,Notebook,15.6,10.336863503805128,4,Intel Core i5,Nvidia,0,1000,0,0,Other,100.45466986113652
Acer,Notebook,15.6,10.393925962168344,4,Intel Core i5,Nvidia,0,1000,0,1,Windows,141.21199808219862
Lenovo,Notebook,15.6,9.67600459962282,4,AMD,AMD,0,500,0,0,Windows,100.45466986113652
Lenovo,Netbook,11.6,9.555290852218356,4,Intel Celeron,Intel,16,0,0,0,Other,135.0942111925629
Lenovo,2 in 1 Convertible,13.3,11.064804181259648,8,Intel Core i5,Intel,256,0,1,1,Windows,276.053530085501
Dell,Ultrabook,15.6,11.358282600039752,16,Intel Core i7,Intel,768,0,0,0,Windows,141.21199808219862
Lenovo,Notebook,13.3,10.283659467741664,4,Intel Core i3,Intel,128,0,0,1,Windows,165.6321180513006
Apple,Ultrabook,13.3,11.175754549129524,8,Intel Core i5,Intel,128,0,0,1,Mac,226.98300468106115
HP,Notebook,15.6,10.060060439307303,4,Intel Core i3,Intel,0,500,0,0,Windows,100.45466986113652
Asus,Gaming,15.6,11.039464987704202,8,Intel Core i7,Nvidia,0,1000,0,0,Windows,141.21199808219862
Dell,Notebook,14.0,10.58221121243035,8,Intel Core i3,Intel,128,0,0,0,Windows,111.93520355955212
Samsung,Ultrabook,15.0,11.49796125761926,16,Intel Core i7,Nvidia,256,0,0,0,Windows,146.86047800548656
Acer,Notebook,14.0,10.780175546294757,8,Intel Core i5,Intel,256,0,0,1,Windows,157.3505121487356
HP,2 in 1 Convertible,13.3,11.706175092295874,8,Intel Core i5,Intel,256,0,1,0,Windows,165.6321180513006
Dell,Notebook,15.6,10.435152442572992,8,Intel Core i5,AMD,0,1000,0,0,Windows,141.21199808219862
Lenovo,Notebook,15.6,9.70890230312988,4,AMD,AMD,0,500,0,0,Other,100.45466986113652
HP,Notebook,15.6,10.35398720988372,8,Intel Core i5,Intel,128,0,0,0,Windows,100.45466986113652
HP,Notebook,15.6,9.532389087931673,4,Intel Celeron,Intel,0,500,0,0,Other,100.45466986113652
Lenovo,Notebook,14.0,10.729080621774308,8,Intel Core i5,Nvidia,256,0,0,1,Windows,157.3505121487356
Dell,Gaming,17.3,11.98617622657084,16,Intel Core i7,Nvidia,128,1000,0,1,Windows,127.33567457123112
Asus,Gaming,15.6,10.525211768465944,8,AMD,AMD,0,1000,0,0,Windows,141.21199808219862
Dell,Notebook,15.6,10.126185116412724,8,Intel Core i3,Intel,0,1000,1,0,Windows,100.45466986113652
Dell,Ultrabook,13.3,11.219074000897615,8,Intel Core i5,Intel,256,0,0,0,Windows,165.6321180513006
HP,Workstation,15.6,11.76667053684216,16,Intel Core i7,Nvidia,256,0,0,0,Windows,141.21199808219862
Asus,2 in 1 Convertible,13.3,10.808592759018332,8,Intel Core i5,Intel,256,0,1,1,Windows,165.6321180513006
Asus,Gaming,17.3,11.470547260182666,16,Intel Core i7,Nvidia,256,1000,0,0,Windows,127.33567457123112
Asus,Gaming,17.3,10.83096982484206,12,Intel Core i7,Nvidia,0,1000,0,0,Linux,127.33567457123112
Dell,Notebook,15.6,10.082583913974387,4,Intel Core i3,AMD,0,1000,0,0,Windows,141.21199808219862
Asus,Notebook,14.0,10.208009042782656,4,Intel Core i3,Intel,128,0,0,0,Windows,111.93520355955212
MSI,Gaming,15.6,11.016797696588752,8,Intel Core i7,Nvidia,128,1000,0,0,Windows,141.21199808219862
Acer,Notebook,15.6,10.283659467741664,6,Intel Core i5,Intel,0,1000,0,0,Windows,100.45466986113652
Asus,Gaming,15.6,11.353319934460009,16,Intel Core i7,Nvidia,256,1000,0,1,Windows,141.21199808219862
Lenovo,Notebook,17.3,9.91309723131456,4,AMD,AMD,0,500,0,0,Windows,106.11306214269258
Lenovo,Notebook,15.6,10.790103923492092,8,Intel Core i5,Intel,256,0,0,1,Windows,141.21199808219862
Lenovo,2 in 1 Convertible,14.0,10.882315804880689,8,Intel Core i5,Intel,256,0,1,0,Windows,157.3505121487356
Lenovo,Notebook,15.6,10.188167121983652,8,Intel Core i3,Nvidia,256,0,0,0,Other,100.45466986113652
Lenovo,Ultrabook,12.5,10.977716980635757,8,Intel Core i5,Intel,180,0,0,1,Windows,125.36742798669836
Asus,Gaming,15.6,10.787906120409612,8,Intel Core i7,Nvidia,256,1000,0,1,Windows,141.21199808219862
Asus,Notebook,15.6,9.592295759601168,4,Intel Celeron,Intel,0,1000,0,0,Linux,100.45466986113652
Chuwi,Notebook,12.3,10.082583913974387,6,Intel Celeron,Intel,0,0,0,1,Windows,267.3384360344031
Acer,Notebook,15.6,9.827763506006608,4,Intel Celeron,Intel,0,1000,0,0,Windows,100.45466986113652
Dell,Ultrabook,15.6,11.144140923496169,8,Intel Core i7,Intel,512,0,0,0,Windows,141.21199808219862
HP,Notebook,15.6,10.232212772652003,4,Intel Core i5,Intel,0,1000,1,0,Windows,100.45466986113652
Lenovo,Notebook,17.3,10.523780128994506,8,Intel Core i5,Nvidia,256,0,0,0,Other,106.11306214269258
Lenovo,Notebook,14.0,11.058109595587434,8,Intel Core i5,Intel,256,0,0,0,Windows,157.3505121487356
Lenovo,Ultrabook,14.0,11.600668174471034,8,Intel Core i7,Intel,0,0,0,1,Windows,157.3505121487356
HP,Notebook,13.3,10.60095339424009,4,Intel Core i5,Intel,0,500,0,1,Windows,165.6321180513006
HP,Notebook,14.0,10.85594510841814,4,Intel Core i5,Intel,256,0,0,0,Windows,111.93520355955212
Dell,Ultrabook,13.3,11.254810893751282,8,Intel Core i5,Intel,256,0,0,0,Windows,165.6321180513006
Toshiba,Notebook,15.6,10.167923515707006,4,Intel Core i3,Intel,0,500,0,0,Windows,100.45466986113652
HP,Notebook,15.6,10.765658261746038,8,Intel Core i5,Nvidia,256,0,0,0,Windows,141.21199808219862
HP,Ultrabook,12.5,11.18267988243989,8,Intel Core i7,Intel,256,0,0,0,Windows,176.23257360658386
HP,2 in 1 Convertible,13.3,11.822932862391925,8,Intel Core i7,Intel,256,0,1,0,Windows,165.6321180513006
Toshiba,Ultrabook,13.3,11.912578515747589,32,Intel Core i7,Intel,512,0,1,0,Windows,165.6321180513006
MSI,Gaming,17.3,10.974070668482735,8,Intel Core i5,Nvidia,128,1000,0,0,Windows,127.33567457123112
Dell,Ultrabook,13.3,11.260381938800736,8,Intel Core i7,Intel,256,0,0,0,Windows,165.6321180513006
Lenovo,Ultrabook,14.0,11.397934727218958,12,Intel Core i7,Intel,256,0,0,1,Windows,157.3505121487356
Dell,Notebook,15.6,11.009948956147635,16,Intel Core i7,AMD,256,2000,0,0,Windows,141.21199808219862
Acer,2 in 1 Convertible,13.3,10.510802297245792,8,Intel Core i5,Intel,256,0,1,1,Windows,165.6321180513006
Huawei,Ultrabook,13.0,11.288114524334732,8,Intel Core i7,Intel,512,0,0,1,Windows,199.69207064108247
Dell,Notebook,15.6,10.56586207442882,8,Intel Core i5,AMD,256,0,0,0,Windows,141.21199808219862
Acer,Ultrabook,14.0,10.760018088869778,8,Intel Core i7,Intel,256,0,0,1,Windows,157.3505121487356
Lenovo,Notebook,13.3,10.575431525444971,4,Intel Core i3,Intel,180,0,0,1,Windows,165.6321180513006
Lenovo,Notebook,15.6,10.50497986449436,8,Intel Core i7,Nvidia,0,1000,0,0,Other,141.21199808219862
HP,Notebook,15.6,11.626842862666368,8,Intel Core i5,Intel,256,500,0,0,Windows,141.21199808219862
Dell,Notebook,17.3,11.320925866649002,16,Intel Core i7,Nvidia,512,0,1,0,Windows,127.33567457123112
Dell,Gaming,15.6,11.288114524334732,16,Intel Core i7,Nvidia,256,1000,0,1,Windows,141.21199808219862
HP,Workstation,17.3,11.529366637136484,8,Intel Core i7,Nvidia,0,500,0,0,Windows,127.33567457123112
MSI,Gaming,15.6,11.144911042902732,16,Intel Core i7,Nvidia,256,1000,0,0,Windows,141.21199808219862
MSI,Gaming,14.0,11.45373072039192,16,Intel Core i7,Nvidia,256,1000,0,0,Windows,157.3505121487356
Lenovo,Notebook,15.6,9.816202683605532,4,Other Intel,Intel,0,500,0,0,Windows,141.21199808219862
MSI,Gaming,14.0,11.520422094890591,16,Intel Core i7,Nvidia,256,1000,0,1,Windows,157.3505121487356
Lenovo,Notebook,15.6,10.267130165790451,4,Intel Core i5,Intel,0,500,0,0,Windows,100.45466986113652
Asus,Notebook,15.6,9.70890230312988,4,Other Intel,Intel,0,1000,0,0,Windows,100.45466986113652
Chuwi,Notebook,15.6,9.49261223560568,4,Other Intel,Intel,0,0,0,0,Windows,141.21199808219862
HP,Gaming,17.3,11.413356147904066,12,Intel Core i7,Nvidia,0,1000,0,1,Windows,127.33567457123112
HP,Ultrabook,15.6,10.46628456073464,8,Intel Core i7,Intel,256,0,0,0,Windows,141.21199808219862
Dell,2 in 1 Convertible,13.3,10.46628456073464,8,Intel Core i5,Intel,0,1000,1,0,Windows,165.6321180513006
Dell,Gaming,15.6,10.977716980635757,16,Intel Core i7,Nvidia,128,1000,1,1,Windows,282.42399616439724
Asus,Ultrabook,13.3,10.908984051962848,8,Intel Core i5,Nvidia,512,0,0,1,Windows,165.6321180513006
Dell,Notebook,15.6,10.639970046582542,8,Intel Core i5,AMD,0,1000,0,0,Windows,100.45466986113652
Dell,Notebook,17.3,10.964896292206694,8,Intel Core i5,AMD,128,1000,0,0,Windows,127.33567457123112
Acer,Notebook,14.0,9.83063294843456,4,Intel Celeron,Intel,0,0,0,0,Other,111.93520355955212
Asus,Gaming,17.3,11.155242401621267,8,Intel Core i7,Nvidia,128,1000,0,0,Windows,127.33567457123112
Lenovo,Notebook,14.0,10.977716980635757,8,Intel Core i5,Nvidia,256,0,0,1,Windows,157.3505121487356
Lenovo,Notebook,15.6,9.672654512737536,4,AMD,AMD,0,500,0,0,Windows,100.45466986113652
Dell,Notebook,15.6,10.862092668762644,8,Intel Core i7,AMD,128,1000,0,0,Windows,141.21199808219862
Dell,Notebook,15.6,10.312386757378574,8,Intel Core i5,AMD,0,1000,0,0,Windows,141.21199808219862
Dell,Notebook,15.6,10.826745953725876,8,Intel Core i5,Intel,128,0,0,0,Windows,141.21199808219862
Lenovo,Gaming,15.6,11.288114524334732,16,Intel Core i7,Nvidia,256,1000,0,1,Windows,141.21199808219862
HP,Gaming,15.6,10.977716980635757,8,Intel Core i7,Nvidia,128,1000,0,1,Windows,141.21199808219862
HP,Ultrabook,15.6,10.188167121983652,4,AMD,AMD,256,0,0,0,Windows,141.21199808219862
Asus,Gaming,17.3,11.76667053684216,16,Intel Core i7,Nvidia,256,1000,0,0,Windows,127.33567457123112
Acer,Notebook,15.6,10.082583913974387,4,Intel Core i3,Intel,128,0,0,0,Windows,100.45466986113652
Lenovo,Notebook,15.6,10.188167121983652,8,Intel Core i3,Nvidia,0,1000,0,0,Other,141.21199808219862
Lenovo,Gaming,17.3,11.894913580522502,16,Intel Core i7,Nvidia,256,0,0,1,Windows,127.33567457123112
Lenovo,2 in 1 Convertible,15.6,10.841452101115571,8,Intel Core i5,AMD,256,0,1,0,Windows,141.21199808219862
Asus,2 in 1 Convertible,12.5,11.030873869571886,8,Other Intel,Intel,0,0,0,0,Other,176.23257360658386
Lenovo,2 in 1 Convertible,14.0,10.70060667312884,4,Intel Core i5,Intel,128,0,1,0,Windows,157.3505121487356
Lenovo,Notebook,15.6,10.104611236292678,8,Intel Core i3,Intel,0,1000,0,0,Windows,100.45466986113652
Dell,Ultrabook,14.0,10.754345923917311,8,Intel Core i5,Intel,256,0,0,0,Windows,157.3505121487356
Dell,Notebook,15.6,10.57552675900535,8,Intel Core i7,AMD,256,0,0,0,Linux,141.21199808219862
Lenovo,Notebook,15.6,9.883643964401063,4,Intel Core i3,AMD,0,1000,0,0,Other,100.45466986113652
Lenovo,Notebook,17.3,10.167923515707006,4,Intel Core i3,Intel,0,1000,0,0,Windows,106.11306214269258
Toshiba,Ultrabook,13.3,11.683522558067624,16,Intel Core i7,Intel,512,0,0,0,Windows,165.6321180513006
Toshiba,Notebook,13.3,10.85594510841814,8,Intel Core i5,Intel,256,0,0,1,Windows,165.6321180513006
Dell,Notebook,15.6,10.776844060703754,8,Intel Core i7,AMD,256,0,0,0,Windows,141.21199808219862
HP,Notebook,14.0,11.06979587215689,4,Intel Core i5,Intel,256,0,0,0,Windows,157.3505121487356
Lenovo,Notebook,15.6,10.633572072102885,4,Intel Core i7,Intel,0,1000,0,0,Windows,141.21199808219862
Dell,Notebook,15.6,10.56846856468972,4,Intel Core i5,Intel,0,500,0,0,Windows,100.45466986113652
Toshiba,Notebook,14.0,11.048830743691845,8,Intel Core i5,Intel,256,0,0,0,Windows,157.3505121487356
Dell,Gaming,15.6,11.401514683309674,16,Intel Core i7,Nvidia,512,0,0,0,Windows,282.42399616439724
Dell,Workstation,15.6,11.458805442305984,8,Intel Core i7,Nvidia,0,1000,0,0,Windows,141.21199808219862
Lenovo,Notebook,15.6,10.11188320625578,4,Intel Core i5,Intel,0,1000,0,0,Other,141.21199808219862
HP,Ultrabook,14.0,11.6200017877887,8,Intel Core i7,Intel,512,0,0,0,Windows,157.3505121487356
HP,Notebook,17.3,10.319441460358464,6,AMD,AMD,0,2000,0,1,Windows,127.33567457123112
MSI,Gaming,15.6,11.6226216177553,16,Intel Core i7,Nvidia,256,1000,0,0,Windows,141.21199808219862
HP,Workstation,15.6,11.52464373704442,8,Intel Core i7,Nvidia,256,0,0,0,Windows,141.21199808219862
Dell,Notebook,17.3,11.599202972743706,8,Intel Core i7,Nvidia,0,1000,0,1,Windows,127.33567457123112
MSI,Gaming,17.3,11.18267988243989,8,Intel Core i7,Nvidia,256,0,0,0,Windows,127.33567457123112
MSI,Gaming,15.6,11.14105450129298,16,Intel Core i7,Nvidia,256,1000,0,0,Windows,141.21199808219862
Lenovo,Gaming,15.6,10.93019989111312,8,Intel Core i7,Nvidia,128,1000,0,1,Windows,141.21199808219862
Dell,Notebook,15.6,10.0713630658882,4,Other Intel,Intel,0,500,0,0,Windows,100.45466986113652
Dell,Notebook,15.6,10.354869672690878,8,Intel Core i5,AMD,0,1000,0,0,Linux,100.45466986113652
Lenovo,Ultrabook,14.0,11.078373090310093,8,Intel Core i7,AMD,256,0,0,1,Windows,157.3505121487356
HP,Notebook,15.6,10.167903065600154,4,AMD,AMD,256,0,0,0,Windows,141.21199808219862
HP,Notebook,15.6,10.126163794678414,4,Intel Core i3,AMD,0,1000,0,0,Windows,141.21199808219862
Acer,Notebook,14.0,9.93914036985058,8,Intel Core i3,Intel,0,1000,0,0,Windows,111.93520355955212
HP,Notebook,15.6,10.159709917169616,4,Intel Core i5,Intel,0,500,0,0,Windows,100.45466986113652
Asus,2 in 1 Convertible,15.6,11.470547260182666,16,Intel Core i7,Nvidia,512,2000,1,0,Windows,282.42399616439724
Asus,Netbook,11.6,9.80450664384234,4,Intel Celeron,Intel,0,0,0,0,Windows,135.0942111925629
LG,Ultrabook,15.6,11.624777346052769,16,Intel Core i7,Intel,512,0,1,1,Windows,141.21199808219862
Dell,Notebook,15.6,10.319441460358464,4,Intel Core i5,AMD,128,0,0,0,Linux,141.21199808219862
Dell,Ultrabook,13.3,11.37128263483418,8,Intel Core i5,Intel,256,0,0,1,Windows,165.6321180513006
HP,Ultrabook,14.0,11.288781413322436,8,Intel Core i7,Intel,256,0,0,0,Windows,157.3505121487356
HP,Notebook,15.6,10.480567504600335,4,Intel Core i3,Intel,0,500,0,0,Windows,100.45466986113652
Dell,Notebook,15.6,10.11759843181949,4,Intel Core i3,AMD,0,1000,0,0,Linux,100.45466986113652
Dell,2 in 1 Convertible,17.3,11.470547260182666,16,Intel Core i7,Nvidia,512,0,1,0,Windows,127.33567457123112
Dell,Ultrabook,13.3,11.383485348791732,8,Intel Core i7,Intel,256,0,0,1,Windows,165.6321180513006
HP,Ultrabook,12.5,11.340108040487776,4,Intel Core i5,Intel,0,500,0,0,Windows,176.23257360658386
Acer,2 in 1 Convertible,14.0,11.02220830408089,8,Intel Core i7,Intel,256,0,1,1,Windows,157.3505121487356
Lenovo,Ultrabook,14.0,10.974983493740094,4,Intel Core i5,Intel,180,0,0,0,Windows,157.3505121487356
Lenovo,Notebook,13.3,10.83096982484206,8,Intel Core i3,Intel,256,0,0,1,Windows,165.6321180513006
Dell,2 in 1 Convertible,13.3,10.765658261746038,8,Intel Core i5,Intel,256,0,1,0,Windows,165.6321180513006
Dell,Notebook,15.6,10.280009828654116,4,Intel Core i3,Intel,128,0,0,0,Windows,100.45466986113652
Acer,Gaming,15.6,11.114428026177658,8,Intel Core i7,Nvidia,128,1000,0,1,Windows,141.21199808219862
HP,Notebook,15.6,9.81907645733616,4,Intel Core i3,Intel,0,500,0,0,Other,141.21199808219862
Lenovo,Notebook,15.6,11.08997268702302,8,Intel Core i7,AMD,256,0,0,1,Windows,141.21199808219862
HP,Ultrabook,14.0,11.267217235406594,8,Intel Core i7,Intel,512,0,0,0,Windows,157.3505121487356
Asus,Notebook,15.6,9.387207078087174,4,Intel Celeron,Intel,0,500,0,0,Linux,100.45466986113652
Asus,Notebook,15.6,10.235123369655367,8,Intel Core i5,Nvidia,0,1000,0,0,Linux,100.45466986113652
Dell,Gaming,15.6,10.942047370678033,8,Intel Core i7,Nvidia,128,1000,0,0,Windows,141.21199808219862
Dell,Notebook,13.3,10.510802297245792,4,Intel Core i3,Intel,128,0,0,0,Windows,117.82653006268644
Toshiba,Ultrabook,14.0,11.50657735831005,16,Intel Core i7,Intel,512,0,1,0,Windows,157.3505121487356
Lenovo,Notebook,15.6,10.121890283901031,4,Intel Core i5,Intel,0,1000,0,0,Other,141.21199808219862
Lenovo,Notebook,15.6,10.646327347078008,6,Intel Core i7,Nvidia,256,0,0,0,Windows,141.21199808219862
Dell,Notebook,15.6,11.016447617817454,8,Intel Core i7,AMD,256,2000,0,0,Windows,141.21199808219862
Acer,Notebook,14.0,9.902487052202543,4,Intel Celeron,Intel,0,0,0,0,Other,111.93520355955212
Asus,Notebook,15.6,9.83063294843456,4,AMD,AMD,0,500,0,0,Windows,100.45466986113652
Apple,Ultrabook,12.0,11.034319178750795,8,Other Intel,Intel,0,0,0,1,Mac,226.4155471693585
HP,2 in 1 Convertible,14.0,10.525211768465944,4,Intel Core i3,Nvidia,128,0,1,1,Windows,157.3505121487356
Lenovo,Notebook,15.6,9.73761240901231,4,Intel Celeron,Intel,0,500,0,0,Windows,100.45466986113652
HP,Notebook,13.3,11.408044834149251,8,Intel Core i5,Intel,256,0,0,0,Windows,165.6321180513006
Asus,Gaming,15.6,11.727036344253593,16,Intel Core i7,Nvidia,256,1000,0,1,Windows,141.21199808219862
Toshiba,Notebook,15.6,10.078119620845705,4,Intel Core i3,Intel,0,500,0,0,Windows,100.45466986113652
HP,Notebook,14.0,10.633572072102885,4,Intel Core i5,Intel,0,500,0,0,Windows,111.93520355955212
HP,Notebook,17.3,10.94064137183354,16,Intel Core i7,Nvidia,0,1000,0,1,Windows,127.33567457123112
Lenovo,Notebook,13.3,11.288114524334732,16,Intel Core i7,Intel,512,0,0,1,Windows,165.6321180513006
HP,Notebook,14.0,11.120757161229305,8,Intel Core i5,Intel,256,0,0,0,Windows,157.3505121487356
HP,Notebook,15.6,10.336863503805128,6,Intel Core i7,Intel,0,1000,0,0,Windows,100.45466986113652
Apple,Ultrabook,13.3,11.301072237406668,8,Intel Core i5,Intel,256,0,0,1,Mac,226.98300468106115
HP,Notebook,13.3,11.02220830408089,8,Intel Core i5,Intel,256,0,0,1,Windows,165.6321180513006
Acer,Notebook,15.6,10.46628456073464,8,AMD,AMD,256,0,0,0,Windows,100.45466986113652
Samsung,Ultrabook,13.3,11.352694739066088,8,Intel Core i7,Intel,256,0,1,0,Windows,165.6321180513006
Lenovo,Notebook,15.6,10.310615277730191,6,Intel Core i5,Intel,0,1000,0,0,Windows,141.21199808219862
Vero,Notebook,13.3,9.253675685462651,4,Other Intel,Intel,0,0,0,0,Windows,165.6321180513006
HP,Notebook,14.0,11.118388427393754,4,Intel Core i5,Intel,128,0,0,0,Windows,157.3505121487356
Asus,Gaming,17.3,11.198054049689478,12,Intel Core i5,Nvidia,128,1000,0,0,Windows,127.33567457123112
Toshiba,Ultrabook,13.3,11.193004457928666,8,Intel Core i7,Intel,256,0,0,0,Windows,165.6321180513006
HP,2 in 1 Convertible,13.3,11.288114524334732,8,Intel Core i5,Intel,256,0,1,1,Windows,331.2642361026012
HP,Ultrabook,14.0,11.670950599679989,8,Intel Core i7,Intel,256,0,0,0,Windows,209.8006828649808
HP,Gaming,15.6,11.105659536357711,12,Intel Core i7,Nvidia,128,1000,0,1,Windows,141.21199808219862
HP,Workstation,15.6,11.328642946747566,8,Intel Core i7,Nvidia,256,0,0,0,Windows,141.21199808219862
HP,Ultrabook,13.3,11.219074000897615,8,Intel Core i7,Intel,256,0,0,1,Windows,165.6321180513006
Dell,Ultrabook,12.5,11.503355013953575,16,Intel Core i7,Intel,256,0,0,0,Windows,176.23257360658386
HP,Notebook,15.6,9.528520611153752,4,AMD,AMD,0,500,0,0,Other,100.45466986113652
Lenovo,Notebook,15.6,9.750081515393676,4,Intel Celeron,Intel,0,1000,0,0,Other,100.45466986113652
Acer,Notebook,15.6,10.301710499387234,4,Intel Core i5,Intel,0,500,0,0,Windows,100.45466986113652
MSI,Gaming,15.6,10.70777173269934,8,Intel Core i7,Nvidia,0,1000,0,1,Windows,141.21199808219862
HP,Notebook,15.6,10.452533389121816,4,Intel Core i3,Intel,0,500,0,0,Windows,100.45466986113652
Dell,Gaming,15.6,10.754357300416876,16,Intel Core i7,Nvidia,0,1000,0,0,Windows,141.21199808219862
HP,Ultrabook,13.3,11.600668174471034,16,Intel Core i7,Intel,512,0,0,1,Windows,331.2642361026012
Dell,Notebook,15.6,9.591968421403331,4,Intel Celeron,Intel,0,500,0,0,Linux,100.45466986113652
Lenovo,Notebook,13.3,10.89326663606744,8,Intel Core i7,Intel,256,0,0,1,Windows,165.6321180513006
HP,2 in 1 Convertible,15.6,10.504687851059666,4,Intel Core i5,Intel,0,500,1,0,Windows,100.45466986113652
HP,Notebook,14.0,10.913845510249091,8,Intel Core i7,Nvidia,256,0,0,0,Windows,157.3505121487356
Lenovo,Gaming,15.6,11.442360501250736,16,Intel Core i7,Nvidia,512,1000,0,1,Windows,141.21199808219862
HP,Notebook,14.0,11.056428922922915,4,Intel Core i5,Intel,0,500,0,0,Windows,111.93520355955212
Toshiba,Ultrabook,14.0,11.428543355697592,8,Intel Core i7,Intel,256,0,0,1,Windows,157.3505121487356
Dell,Gaming,15.6,11.061462490597744,8,Intel Core i5,Nvidia,256,0,0,0,Windows,141.21199808219862
Dell,2 in 1 Convertible,13.3,11.582992127736915,8,Intel Core i7,Intel,512,0,1,0,Windows,276.053530085501
Lenovo,Notebook,15.6,10.283659467741664,4,Intel Core i5,Intel,0,1000,0,0,Windows,141.21199808219862
Toshiba,Notebook,13.3,11.07393666482292,8,Intel Core i5,Intel,256,0,0,0,Windows,117.82653006268644
Acer,Notebook,15.6,10.833075088777523,8,Intel Core i7,Nvidia,256,0,0,1,Windows,141.21199808219862
Lenovo,2 in 1 Convertible,14.0,11.442360501250736,16,Intel Core i7,Intel,512,0,1,0,Windows,157.3505121487356
Dell,Gaming,15.6,11.18267988243989,16,Intel Core i7,Nvidia,128,1000,0,1,Windows,141.21199808219862
Lenovo,Notebook,15.6,11.7789960831843,16,Intel Core i7,Nvidia,512,0,0,0,Windows,141.21199808219862
Dell,Notebook,15.6,10.15346364564591,4,Intel Core i3,Intel,0,500,0,0,Windows,100.45466986113652
MSI,Gaming,17.3,11.51989313428582,16,Intel Core i7,Nvidia,256,1000,0,0,Windows,127.33567457123112
Asus,Gaming,15.6,10.83096982484206,8,Intel Core i7,Nvidia,0,1000,0,0,Windows,141.21199808219862
Lenovo,2 in 1 Convertible,15.6,10.740600003012675,4,Intel Core i5,Intel,256,0,1,1,Windows,141.21199808219862
Dell,Gaming,15.6,10.868202667404224,8,Intel Core i5,Nvidia,256,0,0,0,Windows,141.21199808219862
Mediacom,Notebook,14.0,9.93914036985058,4,Intel Celeron,Intel,32,0,0,1,Windows,157.3505121487356
Acer,Notebook,15.6,10.066418317218153,4,Intel Core i5,Intel,0,500,0,0,Linux,100.45466986113652
Lenovo,Notebook,15.6,10.407616483423654,4,Intel Core i5,Intel,0,2000,0,0,Windows,141.21199808219862
Acer,Ultrabook,13.3,10.872255357854844,8,Intel Core i5,Intel,256,0,0,1,Windows,165.6321180513006
Asus,Gaming,17.3,11.320925866649002,16,AMD,AMD,256,1000,0,0,Windows,127.33567457123112
Acer,Notebook,15.6,9.941707765355826,4,Intel Core i3,Intel,0,1000,0,0,Linux,100.45466986113652
Dell,Notebook,15.6,11.52464373704442,16,Intel Core i7,Nvidia,512,0,0,0,Windows,141.21199808219862
Lenovo,Netbook,12.5,11.38409159312676,16,Intel Core i7,Intel,512,0,1,1,Windows,176.23257360658386
Dell,Notebook,15.6,10.401887658299067,4,Intel Core i3,AMD,0,1000,0,0,Windows,100.45466986113652
Dell,Notebook,15.6,11.005825930702713,8,Intel Core i7,Nvidia,256,1000,0,1,Windows,141.21199808219862
Lenovo,Notebook,14.0,9.49301392269684,2,Intel Celeron,Intel,0,0,0,0,Windows,111.93520355955212
HP,2 in 1 Convertible,13.3,11.470547260182666,8,Intel Core i7,Intel,256,0,1,0,Windows,220.84282406840083
Asus,Notebook,15.6,10.977716980635757,8,Intel Core i5,Intel,256,0,0,0,Windows,141.21199808219862
Lenovo,Netbook,11.6,10.138875830266777,4,Intel Celeron,Intel,128,0,1,0,Windows,135.0942111925629
Dell,Notebook,15.6,10.704189639316835,8,Intel Core i5,Intel,0,1000,0,0,Windows,141.21199808219862
Lenovo,Notebook,15.6,10.336863503805128,4,Intel Core i3,Nvidia,0,1000,0,0,Windows,141.21199808219862
Dell,Notebook,15.6,9.88635767027266,4,Other Intel,Intel,0,500,0,0,Windows,100.45466986113652
Lenovo,Ultrabook,12.5,11.219074000897615,8,Other Intel,Intel,512,0,1,1,Windows,234.9767648087785
HP,Notebook,15.6,10.716671227805325,8,Intel Core i5,Nvidia,0,1000,0,0,Windows,100.45466986113652
HP,Notebook,14.0,10.675061366393813,8,Intel Core i5,Intel,0,1000,0,0,Windows,157.3505121487356
Asus,Gaming,15.6,11.175239371923306,8,Intel Core i7,Nvidia,128,1000,0,0,Windows,141.21199808219862
Acer,Notebook,14.0,10.403666298916727,8,Intel Core i3,Intel,128,0,0,1,Windows,157.3505121487356
HP,Notebook,14.0,10.963974208231726,8,Intel Core i7,Intel,512,0,0,0,Windows,157.3505121487356
Dell,Ultrabook,13.3,11.494086806506765,8,Intel Core i5,Intel,256,0,1,0,Windows,165.6321180513006
Dell,Notebook,15.6,11.071454247329664,8,Intel Core i7,Nvidia,128,1000,0,0,Windows,141.21199808219862
Lenovo,Notebook,17.3,10.46628456073464,8,Intel Core i5,AMD,0,1000,0,0,Windows,106.11306214269258
Asus,Notebook,15.6,10.349204995339194,4,Intel Core i5,Intel,256,0,0,0,Windows,100.45466986113652
MSI,Gaming,17.3,11.671319016786894,16,Intel Core i7,Nvidia,128,1000,0,0,Windows,127.33567457123112
MSI,Gaming,15.6,10.968576149165091,8,Intel Core i5,Nvidia,128,1000,0,0,Windows,141.21199808219862
Razer,Gaming,17.3,12.587882562739948,32,Intel Core i7,Nvidia,512,0,1,0,Windows,254.67134914246225
Asus,Notebook,15.6,10.994857679947176,8,Intel Core i7,Nvidia,256,0,0,0,Windows,141.21199808219862
Dell,Notebook,15.6,10.79884714858782,8,Intel Core i7,AMD,256,0,0,0,Windows,141.21199808219862
HP,Notebook,14.0,11.053421883178572,8,Intel Core i7,Nvidia,256,0,0,0,Windows,157.3505121487356
Acer,Notebook,15.6,9.99658437558166,4,Intel Core i3,Intel,128,0,0,0,Linux,100.45466986113652
HP,Notebook,14.0,10.46628456073464,6,Intel Core i5,Nvidia,256,0,0,1,Windows,157.3505121487356
Asus,Notebook,15.6,10.785284424941176,8,Intel Core i5,Nvidia,0,1000,0,0,Windows,141.21199808219862
HP,Ultrabook,14.0,11.442932093149691,8,Intel Core i7,Intel,256,0,0,1,Windows,157.3505121487356
HP,Notebook,17.3,10.901156223342602,8,Intel Core i7,Nvidia,0,1000,0,0,Windows,127.33567457123112
Toshiba,Notebook,15.6,10.945351696133724,8,Intel Core i5,Intel,0,500,0,1,Windows,141.21199808219862
Dell,Notebook,14.0,10.602278775481158,4,Intel Core i5,Intel,0,500,0,0,Windows,111.93520355955212
Lenovo,Ultrabook,14.0,11.799206957067089,8,Intel Core i7,Intel,512,0,0,1,Windows,157.3505121487356
HP,Notebook,15.6,10.246549458090431,6,AMD,AMD,0,1000,0,0,Windows,141.21199808219862
Lenovo,Notebook,15.6,9.88635767027266,4,Intel Core i3,Intel,128,0,0,0,Other,100.45466986113652
Dell,Ultrabook,15.6,10.472336016417996,8,Intel Core i5,AMD,0,1000,0,0,Windows,141.21199808219862
Asus,Gaming,17.3,11.715790550995315,16,Intel Core i7,Nvidia,128,1000,0,1,Windows,127.33567457123112
Asus,Notebook,15.6,9.964497380151284,4,Other Intel,Intel,0,1000,0,0,Linux,100.45466986113652
Dell,Gaming,15.6,10.977716980635757,8,Intel Core i7,Nvidia,0,1000,0,0,Windows,141.21199808219862
HP,Notebook,17.3,10.793391597686284,8,Intel Core i5,Nvidia,0,1000,0,1,Windows,127.33567457123112
Dell,Notebook,15.6,10.447907320733034,8,Intel Core i5,AMD,0,1000,0,0,Linux,141.21199808219862
Apple,Ultrabook,13.3,11.473100972779063,8,Intel Core i5,Intel,256,0,0,1,Mac,226.98300468106115
Acer,2 in 1 Convertible,11.6,9.91309723131456,4,Intel Celeron,Intel,0,0,1,1,Other,135.0942111925629
HP,Notebook,14.0,9.93914036985058,8,Other Intel,Intel,0,2000,0,0,Windows,111.93520355955212
HP,Notebook,15.6,9.963243430044656,4,AMD,AMD,256,0,0,0,Windows,141.21199808219862
Dell,Notebook,15.6,10.463245044716745,4,Intel Core i5,Intel,0,1000,0,0,Windows,141.21199808219862
Lenovo,Ultrabook,14.0,11.288114524334732,8,Intel Core i7,Intel,256,0,0,0,Windows,157.3505121487356
Lenovo,Notebook,15.6,9.83063294843456,4,Other Intel,Intel,128,0,0,0,Windows,141.21199808219862
Dell,2 in 1 Convertible,13.3,10.657682154931749,8,Intel Core i7,Intel,256,0,1,0,Windows,165.6321180513006
Toshiba,Ultrabook,14.0,11.45090026279887,16,Intel Core i7,Nvidia,512,0,0,1,Windows,157.3505121487356
Toshiba,Notebook,15.6,10.481345086360362,4,Intel Core i3,Intel,0,500,0,0,Windows,100.45466986113652
Dell,Ultrabook,13.3,11.120757161229305,8,Intel Core i7,Intel,256,0,0,0,Windows,276.053530085501
Lenovo,Notebook,14.0,10.525211768465944,4,Intel Core i5,Intel,256,0,0,0,Windows,157.3505121487356
Asus,Gaming,15.6,11.118388427393754,8,Intel Core i7,Nvidia,128,1000,0,0,Windows,141.21199808219862
Lenovo,Notebook,15.6,10.776844060703754,12,AMD,AMD,0,2000,0,0,Windows,141.21199808219862
HP,Notebook,15.6,10.188167121983652,4,Intel Core i3,AMD,128,1000,0,0,Windows,141.21199808219862
Acer,Notebook,15.6,10.126163794678414,8,AMD,AMD,256,0,0,0,Windows,141.21199808219862
Acer,Notebook,15.6,10.078119620845705,4,Intel Core i3,Intel,0,1000,0,0,Windows,100.45466986113652
Acer,Notebook,15.6,10.087028365734811,4,AMD,AMD,256,0,0,0,Windows,100.45466986113652
Dell,2 in 1 Convertible,15.6,10.882315804880689,8,Intel Core i5,Intel,256,0,1,1,Windows,141.21199808219862
Lenovo,Notebook,15.6,10.50497986449436,4,Intel Core i5,Intel,0,500,0,0,Windows,141.21199808219862
Asus,2 in 1 Convertible,12.5,10.481345086360362,4,Other Intel,Intel,0,0,1,0,Other,176.23257360658386
MSI,Gaming,17.3,11.27992228688911,8,Intel Core i7,Nvidia,128,1000,0,0,Windows,127.33567457123112
Lenovo,2 in 1 Convertible,10.1,9.74075212901698,4,Other Intel,Intel,0,0,1,1,Other,224.1738090785728
Asus,Gaming,17.3,11.601107316686976,16,Intel Core i7,Nvidia,256,1000,0,0,Windows,127.33567457123112
Dell,Notebook,15.6,10.55342238395318,8,Intel Core i5,AMD,128,1000,0,0,Windows,141.21199808219862
Dell,Notebook,15.6,10.580858947180335,8,Intel Core i3,AMD,256,0,0,0,Windows,141.21199808219862
Lenovo,Notebook,14.0,11.053902605789805,8,Intel Core i5,Intel,256,0,0,0,Windows,157.3505121487356
HP,Workstation,15.6,11.436206670969892,8,Intel Core i7,Nvidia,256,0,0,0,Windows,141.21199808219862
Dell,Ultrabook,12.5,11.421778496562451,8,Intel Core i5,Intel,256,0,1,0,Windows,176.23257360658386
Lenovo,Gaming,15.6,10.742904151497523,8,Intel Core i7,Nvidia,256,0,0,1,Other,141.21199808219862
HP,2 in 1 Convertible,13.3,11.575963360732532,8,Intel Core i7,Intel,512,0,1,1,Windows,331.2642361026012
Asus,Notebook,14.1,9.827763506006608,4,Intel Celeron,Intel,0,0,0,0,Windows,111.1413368676404
MSI,Gaming,15.6,11.058781074545012,8,Intel Core i7,Nvidia,128,1000,0,0,Windows,141.21199808219862
Lenovo,Ultrabook,14.0,11.84839720125786,16,Intel Core i7,Intel,1000,0,0,1,Windows,209.8006828649808
Toshiba,Notebook,14.0,11.28209242517164,8,Intel Core i5,Intel,256,0,0,1,Windows,157.3505121487356
Lenovo,Notebook,15.6,11.307930232161196,8,Intel Core i7,Intel,256,0,0,1,Windows,141.21199808219862
HP,Notebook,14.0,11.13950771057468,8,Intel Core i7,Intel,256,0,0,0,Windows,157.3505121487356
Dell,Ultrabook,13.3,10.862092668762644,8,Intel Core i5,Intel,128,0,1,1,Windows,165.6321180513006
Lenovo,2 in 1 Convertible,13.3,11.288114524334732,8,Intel Core i7,Intel,512,0,1,1,Windows,165.6321180513006
Lenovo,Notebook,14.0,9.49301392269684,4,Intel Celeron,Intel,0,0,0,0,Windows,111.93520355955212
Lenovo,Ultrabook,14.0,11.511924964636645,8,Intel Core i5,Intel,0,0,0,1,Windows,157.3505121487356
Dell,2 in 1 Convertible,13.3,11.383485348791732,16,Intel Core i7,Intel,256,0,1,0,Windows,165.6321180513006
Lenovo,Notebook,13.3,10.83096982484206,8,Intel Core i5,Intel,256,0,0,0,Windows,165.6321180513006
Dell,Notebook,14.0,10.34717287346399,4,Intel Core i3,Intel,0,500,0,0,Windows,111.93520355955212
MSI,Gaming,17.3,11.758368289071829,16,Intel Core i7,Nvidia,256,1000,0,0,Windows,127.33567457123112
Dell,Ultrabook,14.0,11.402110098629436,8,Intel Core i7,Intel,512,0,0,0,Windows,157.3505121487356
Dell,Notebook,15.6,10.504965265847654,4,Intel Core i5,AMD,0,1000,0,0,Windows,100.45466986113652
HP,Netbook,11.6,9.928804360519916,4,Intel Celeron,Intel,0,0,0,0,Other,135.0942111925629
Toshiba,Ultrabook,13.3,10.974070668482735,8,Intel Core i5,Intel,256,0,0,0,Windows,117.82653006268644
HP,Notebook,15.6,9.964497380151284,4,Other Intel,Intel,256,0,0,0,Windows,141.21199808219862
Dell,Gaming,15.6,11.937276356672394,16,Intel Core i7,Nvidia,256,1000,0,1,Windows,282.42399616439724
Lenovo,Notebook,15.6,10.977716980635757,16,Intel Core i7,AMD,0,0,0,0,Windows,141.21199808219862
HP,Ultrabook,14.0,11.518415853167008,8,Intel Core i7,Intel,256,0,0,0,Windows,157.3505121487356
HP,Notebook,15.6,10.167289367847482,4,Intel Core i5,Intel,0,1000,0,0,Windows,100.45466986113652
Dell,Notebook,15.6,10.104611236292678,8,Intel Core i3,Intel,0,1000,0,0,Windows,100.45466986113652
Dell,Notebook,15.6,10.868202667404224,8,Intel Core i7,AMD,128,2000,0,0,Windows,141.21199808219862
HP,Gaming,17.3,11.442360501250736,12,Intel Core i7,AMD,0,1000,0,1,Windows,127.33567457123112
Dell,2 in 1 Convertible,15.6,11.047982926769505,16,Intel Core i7,Intel,512,0,1,0,Windows,141.21199808219862
Dell,Notebook,15.6,10.59563423276249,8,Intel Core i5,Intel,256,0,0,0,Windows,141.21199808219862
Acer,Notebook,15.6,10.082583913974387,8,AMD,AMD,0,1000,0,0,Windows,100.45466986113652
Lenovo,Ultrabook,14.0,11.715790550995315,16,Intel Core i7,Intel,512,0,0,0,Windows,157.3505121487356
Dell,Notebook,15.6,10.169966417336806,4,Intel Core i3,Intel,0,500,0,0,Windows,100.45466986113652
Asus,Ultrabook,12.5,11.551145677789926,16,Intel Core i7,Intel,512,0,0,0,Windows,176.23257360658386
HP,Ultrabook,14.0,10.96212748563856,4,Intel Core i5,Intel,256,0,0,0,Windows,157.3505121487356
Lenovo,2 in 1 Convertible,13.3,11.44716312967751,8,Intel Core i7,Intel,256,0,1,1,Windows,165.6321180513006
Lenovo,Ultrabook,12.5,11.448630114264333,8,Intel Core i5,Intel,256,0,0,1,Windows,176.23257360658386
Lenovo,Notebook,15.6,10.25782777312814,4,Intel Core i5,Intel,0,500,0,0,Windows,141.21199808219862
Lenovo,Ultrabook,14.0,11.526747893528285,8,Intel Core i7,Nvidia,256,0,0,1,Windows,157.3505121487356
Acer,Notebook,15.6,10.403666298916727,4,Intel Core i5,Intel,0,500,0,0,Windows,100.45466986113652
Asus,Ultrabook,15.6,10.860047678274915,8,Intel Core i5,Nvidia,256,0,0,0,Windows,141.21199808219862
Lenovo,Notebook,15.6,10.776844060703754,8,Intel Core i7,Nvidia,0,1000,0,0,Windows,141.21199808219862
Asus,Gaming,17.3,11.648784147353842,16,Intel Core i7,Nvidia,512,1000,0,1,Windows,127.33567457123112
Dell,Gaming,15.6,11.917834418453076,16,Intel Core i7,Nvidia,256,1000,0,0,Windows,141.21199808219862
Lenovo,Gaming,17.3,12.05888963501851,32,Intel Core i7,Nvidia,512,0,0,1,Windows,127.33567457123112
Dell,Notebook,15.6,10.594300009749354,8,Intel Core i7,AMD,0,1000,0,0,Windows,100.45466986113652
Lenovo,Notebook,14.0,10.87326596936077,4,Intel Core i5,Intel,0,500,0,0,Windows,111.93520355955212
Asus,Gaming,17.3,11.550632725739694,16,Intel Core i7,Nvidia,256,1000,0,0,Windows,127.33567457123112
Lenovo,Notebook,13.3,10.842494310694017,8,Intel Core i5,Intel,256,0,0,1,Windows,165.6321180513006
Lenovo,2 in 1 Convertible,13.3,11.561349847964168,8,Intel Core i7,Intel,512,0,1,1,Windows,165.6321180513006
Apple,Ultrabook,15.4,11.933438384721946,16,Intel Core i7,AMD,512,0,0,1,Mac,220.53462386625827
Asus,Notebook,14.0,9.603146168052769,4,AMD,AMD,64,0,0,0,Windows,111.93520355955212
Asus,Notebook,14.0,10.97315700921406,8,Intel Core i7,Intel,256,0,0,0,Windows,157.3505121487356
Dell,Ultrabook,13.3,10.83096982484206,8,Intel Core i5,Intel,256,0,0,0,Windows,165.6321180513006
MSI,Gaming,17.3,11.318754369272693,16,Intel Core i7,Nvidia,256,1000,0,1,Windows,127.33567457123112
Lenovo,Notebook,15.6,10.283659467741664,6,AMD,AMD,256,0,0,0,Windows,141.21199808219862
HP,Notebook,15.6,11.036037392231934,8,Intel Core i5,Intel,256,0,0,0,Windows,141.21199808219862
Dell,2 in 1 Convertible,15.6,11.144911042902732,12,Intel Core i7,Intel,512,0,1,1,Windows,141.21199808219862
Dell,Notebook,15.6,9.756304542024465,4,Other Intel,Intel,0,500,0,0,Linux,100.45466986113652
Lenovo,2 in 1 Convertible,14.0,11.921470624845266,16,Intel Core i7,Intel,1000,0,1,0,Windows,209.8006828649808
HP,2 in 1 Convertible,13.3,11.219066852909238,8,Intel Core i5,Intel,256,0,1,1,Windows,165.6321180513006
Lenovo,Notebook,15.6,9.576276649067632,4,Intel Celeron,Intel,128,0,0,0,Other,100.45466986113652
HP,Notebook,14.0,10.978617394068182,4,Intel Core i5,Intel,256,0,0,0,Windows,157.3505121487356
HP,Notebook,14.0,10.503518943854685,4,Intel Core i3,Intel,0,500,0,0,Windows,111.93520355955212
Toshiba,Notebook,15.6,11.219074000897615,8,Intel Core i7,Intel,256,0,0,1,Windows,141.21199808219862
Dell,Notebook,15.6,10.931153634628432,16,Intel Core i7,AMD,256,2000,0,0,Linux,141.21199808219862
Asus,Gaming,17.3,11.635675345406062,16,Intel Core i7,Nvidia,256,1000,0,0,Windows,127.33567457123112
Lenovo,Notebook,15.6,10.776732819811487,8,Intel Core i7,Intel,256,0,0,0,Windows,141.21199808219862
Asus,2 in 1 Convertible,11.6,9.902487052202543,4,Intel Celeron,Intel,0,0,1,0,Windows,135.0942111925629
Dell,Ultrabook,12.5,11.010081106005767,4,Intel Core i3,Intel,0,500,0,0,Windows,125.36742798669836
Acer,Notebook,15.6,9.880922874286703,4,Intel Core i3,Intel,0,1000,0,0,Linux,100.45466986113652
Lenovo,Workstation,15.6,12.076935697460716,16,Intel Core i7,Nvidia,1000,0,0,1,Windows,282.42399616439724
Lenovo,2 in 1 Convertible,14.0,11.733039792816312,8,Intel Core i7,Intel,256,0,1,1,Windows,209.8006828649808
Dell,Ultrabook,13.3,11.696022720831856,16,Intel Core i7,Intel,1000,0,1,0,Windows,276.053530085501
Asus,Gaming,15.6,11.971204630519404,24,Intel Core i7,Nvidia,512,0,0,0,Windows,141.21199808219862
Asus,Gaming,17.3,11.671319016786894,16,AMD,AMD,256,1000,0,1,Windows,127.33567457123112
Apple,Ultrabook,13.3,11.233268703392175,8,Intel Core i5,Intel,256,0,0,1,Mac,226.98300468106115
Dell,Workstation,15.6,11.762112832660844,8,Intel Core i7,Nvidia,256,0,0,0,Windows,141.21199808219862
Asus,2 in 1 Convertible,13.3,11.157152970844,8,Intel Core i5,Intel,256,0,1,0,Windows,165.6321180513006
Lenovo,Notebook,15.6,10.03701794516015,4,Intel Core i3,Intel,128,0,0,0,Windows,100.45466986113652
HP,Notebook,17.3,10.525211768465944,6,Intel Core i5,AMD,0,2000,0,1,Windows,127.33567457123112
Dell,Notebook,15.6,10.588945244611692,8,Intel Core i7,AMD,256,0,0,0,Windows,141.21199808219862
Acer,Notebook,15.6,10.435465480609668,4,Intel Core i7,Nvidia,0,500,0,0,Windows,141.21199808219862
Dell,Notebook,15.6,10.435465480609668,4,Intel Core i5,AMD,256,0,0,0,Windows,141.21199808219862
Vero,Notebook,14.0,9.536242657247662,4,Intel Celeron,Intel,0,0,0,1,Windows,157.3505121487356
Lenovo,Notebook,14.0,10.641244744014545,4,Intel Core i5,Intel,0,500,0,0,Windows,157.3505121487356
Asus,Netbook,11.6,9.47681923677686,2,Intel Celeron,Intel,0,0,0,0,Windows,135.0942111925629
Lenovo,Gaming,15.6,11.06229896074271,8,Intel Core i7,Nvidia,128,1000,0,1,Windows,141.21199808219862
Asus,Notebook,15.6,10.5552565839505,4,Intel Core i7,Nvidia,0,500,0,0,Windows,100.45466986113652
HP,Notebook,14.0,11.684869359618002,8,Intel Core i7,Intel,256,0,0,0,Windows,157.3505121487356
Dell,Gaming,15.6,11.167743084945378,16,Intel Core i7,Nvidia,256,1000,0,0,Windows,282.42399616439724
Acer,2 in 1 Convertible,11.6,9.93914036985058,4,Intel Celeron,Intel,0,0,1,1,Other,135.0942111925629
MSI,Gaming,17.3,11.600619368985289,16,Intel Core i7,Nvidia,256,1000,0,0,Windows,127.33567457123112
Lenovo,Notebook,15.6,10.336863503805128,6,Intel Core i5,Intel,256,0,0,0,Windows,141.21199808219862
Dell,Notebook,15.6,10.67259527389862,8,Intel Core i5,Intel,128,0,0,0,Windows,100.45466986113652
Acer,Notebook,15.6,10.699393467053342,8,Intel Core i7,Nvidia,256,0,0,0,Windows,141.21199808219862
Apple,Ultrabook,13.3,10.977716980635757,8,Intel Core i5,Intel,0,0,0,0,Mac,127.67794013309688
Google,Ultrabook,12.3,11.671319016786894,16,Intel Core i7,Intel,512,0,1,0,Other,234.50740003017813
HP,Notebook,15.6,10.285461122475176,6,AMD,AMD,0,0,0,0,Windows,141.21199808219862
HP,Notebook,15.6,11.12154549394652,8,Intel Core i7,AMD,0,1000,0,0,Windows,141.21199808219862
Dell,Notebook,17.3,10.862092668762644,8,Intel Core i5,AMD,128,1000,0,1,Windows,127.33567457123112
HP,Workstation,17.3,12.362417715920367,16,Other Intel,Nvidia,256,0,0,1,Windows,127.33567457123112
Lenovo,Ultrabook,14.0,11.502816945605918,12,Intel Core i7,Intel,256,0,0,1,Windows,209.8006828649808
Acer,Notebook,15.6,9.933985719261916,4,AMD,AMD,0,500,0,0,Windows,100.45466986113652
Lenovo,Notebook,15.6,10.319441460358464,6,Intel Core i3,Nvidia,128,0,0,0,Windows,141.21199808219862
Dell,Notebook,15.6,10.277575423651992,4,Intel Core i3,AMD,0,1000,0,0,Windows,100.45466986113652
Dell,Notebook,15.6,11.758368289071829,16,Intel Core i7,Nvidia,1000,0,1,0,Windows,282.42399616439724
HP,Workstation,17.3,11.947682155153789,8,Intel Core i7,AMD,0,1000,0,1,Windows,127.33567457123112
Samsung,2 in 1 Convertible,12.3,10.46628456073464,4,Other Intel,Nvidia,0,0,1,1,Other,234.50740003017813
HP,Notebook,15.6,10.147031952176633,4,AMD,AMD,256,0,0,0,Windows,141.21199808219862
HP,Workstation,15.6,11.608398104304564,8,Intel Core i7,Nvidia,256,0,0,0,Windows,141.21199808219862
Asus,Notebook,15.6,9.974497588178815,4,AMD,AMD,0,1000,0,0,Windows,100.45466986113652
Dell,2 in 1 Convertible,13.3,11.52464373704442,8,Intel Core i5,Intel,256,0,1,0,Windows,165.6321180513006
Toshiba,Ultrabook,14.0,10.969494001455322,4,Intel Core i5,Intel,128,0,0,0,Windows,111.93520355955212
Dell,Notebook,14.0,10.749784912589748,4,Intel Core i5,Intel,0,500,0,0,Windows,111.93520355955212
Xiaomi,Ultrabook,13.3,10.81610755552082,8,Intel Core i5,Nvidia,256,0,0,1,Windows,165.6321180513006
HP,Notebook,15.6,10.902128245864017,8,Intel Core i7,Nvidia,256,0,0,0,Windows,141.21199808219862
Lenovo,Notebook,15.6,10.186161103256786,4,Intel Core i5,Intel,128,0,0,0,Windows,100.45466986113652
HP,Notebook,15.6,10.143056552540132,4,Intel Core i5,Intel,0,500,0,0,Other,100.45466986113652
Lenovo,Gaming,15.6,11.02220830408089,8,Intel Core i7,Nvidia,256,1000,0,1,Other,141.21199808219862
Apple,Ultrabook,12.0,11.145680569681762,8,Other Intel,Intel,0,0,0,1,Mac,226.4155471693585
HP,Ultrabook,13.3,10.99575173454406,8,Intel Core i7,Nvidia,256,0,0,1,Windows,165.6321180513006
HP,Gaming,17.3,11.2874471903093,16,Intel Core i7,Nvidia,256,1000,0,1,Windows,127.33567457123112
HP,Ultrabook,12.5,11.52253514374866,8,Intel Core i5,Intel,256,0,0,0,Windows,125.36742798669836
HP,Notebook,13.3,10.981350045485636,8,Intel Core i7,Intel,512,0,0,0,Windows,165.6321180513006
Dell,Gaming,15.6,10.776844060703754,8,Intel Core i7,Nvidia,0,0,0,0,Windows,141.21199808219862
Acer,Notebook,15.6,10.754345923917311,8,Intel Core i7,Nvidia,256,0,0,0,Linux,141.21199808219862
Dell,Ultrabook,13.3,11.550632725739694,8,Intel Core i7,Intel,256,0,1,1,Windows,331.2642361026012
Dell,Notebook,15.6,10.765658261746038,8,Intel Core i5,AMD,256,0,0,0,Windows,141.21199808219862
Asus,Ultrabook,14.0,11.28544251205692,16,Intel Core i7,Nvidia,512,0,0,0,Windows,157.3505121487356
HP,Notebook,13.3,10.660172753900062,4,Intel Core i3,Intel,0,500,0,0,Windows,117.82653006268644
HP,Notebook,15.6,10.950974953688084,8,Intel Core i7,Intel,256,0,0,0,Windows,141.21199808219862
HP,Workstation,15.6,11.311195008159336,8,Intel Core i7,Intel,512,0,0,1,Windows,141.21199808219862
Lenovo,2 in 1 Convertible,13.9,11.49796125761926,8,Intel Core i7,Intel,512,0,1,1,Windows,158.48253022174808
Dell,Gaming,15.6,10.809669765045973,8,Intel Core i7,Nvidia,0,1000,0,0,Linux,141.21199808219862
Lenovo,2 in 1 Convertible,10.1,10.283659467741664,4,Other Intel,Intel,0,0,1,1,Other,224.1738090785728
HP,2 in 1 Convertible,13.3,11.41394455627644,4,Intel Core i5,Intel,256,0,1,0,Windows,165.6321180513006
Dell,Ultrabook,13.3,11.869133099737036,16,Intel Core i7,Intel,512,0,1,0,Windows,276.053530085501
Fujitsu,Notebook,15.6,10.658921971998408,8,Intel Core i5,Intel,256,0,0,0,Windows,100.45466986113652
Lenovo,Gaming,15.6,11.004648590381796,16,Intel Core i7,Nvidia,256,2000,0,1,Windows,141.21199808219862
Lenovo,2 in 1 Convertible,14.0,10.433899309576924,4,Intel Core i7,Intel,128,0,1,1,Windows,157.3505121487356
HP,Notebook,15.6,10.55758616512496,4,Intel Core i5,Intel,0,500,0,1,Windows,141.21199808219862
Dell,Gaming,15.6,11.105867681227291,16,Intel Core i7,Nvidia,512,0,0,0,Windows,141.21199808219862
Google,Ultrabook,12.3,11.12626248382466,8,Intel Core i5,Intel,128,0,1,0,Other,234.50740003017813
Lenovo,Gaming,15.6,10.9867750135825,8,Intel Core i7,Nvidia,128,1000,0,1,Windows,141.21199808219862
Dell,Notebook,15.6,10.104611236292678,6,Intel Core i3,Intel,0,1000,0,0,Windows,100.45466986113652
Dell,Notebook,15.6,10.188167121983652,4,Intel Core i3,AMD,128,0,0,0,Windows,100.45466986113652
Lenovo,Notebook,15.6,10.188167121983652,4,Intel Core i3,Intel,128,0,0,0,Windows,141.21199808219862
Dell,Notebook,15.6,10.538089862097848,4,Intel Core i5,Intel,0,1000,0,0,Windows,100.45466986113652
Lenovo,Ultrabook,12.5,11.4699912412637,16,Intel Core i7,Intel,512,0,0,1,Windows,176.23257360658386
HP,Notebook,15.6,11.340108040487776,8,Intel Core i5,Intel,256,0,0,0,Windows,141.21199808219862
HP,Ultrabook,12.5,11.583439099510642,8,Other Intel,Intel,512,0,1,1,Windows,352.4651472131677
Lenovo,Notebook,15.6,11.018284165624754,8,Intel Core i5,AMD,256,1000,0,1,Windows,141.21199808219862
Lenovo,Ultrabook,14.0,11.281414342976868,8,Intel Core i7,Intel,256,0,0,1,Windows,157.3505121487356
HP,Notebook,15.6,11.166237060564342,12,Intel Core i7,Nvidia,128,1000,0,1,Windows,141.21199808219862
Dell,Gaming,17.3,12.029883488676532,32,Intel Core i7,Nvidia,512,1000,0,1,Windows,254.67134914246225
Lenovo,Notebook,14.0,10.658921971998408,8,Intel Core i7,AMD,512,0,0,1,Other,157.3505121487356
Dell,Notebook,15.6,11.757534260666516,16,Intel Core i7,Nvidia,512,0,1,0,Windows,282.42399616439724
Lenovo,2 in 1 Convertible,15.6,11.144911042902732,8,Intel Core i7,Intel,256,0,1,1,Windows,141.21199808219862
Toshiba,Notebook,15.6,10.375818471540954,4,Intel Core i5,Intel,0,500,0,0,Windows,100.45466986113652
HP,Notebook,15.6,11.525170191386666,8,Intel Core i5,Intel,256,0,0,0,Windows,141.21199808219862
Toshiba,Notebook,13.3,11.061462490597744,4,Intel Core i5,Intel,128,0,0,0,Windows,165.6321180513006
HP,Notebook,13.3,10.841452101115571,8,Intel Core i5,Intel,512,0,0,0,Windows,165.6321180513006
Lenovo,Notebook,15.6,10.481345086360362,8,Intel Core i7,Nvidia,0,1000,0,1,Windows,141.21199808219862
Lenovo,Notebook,17.3,10.71962021254348,8,Intel Core i7,Nvidia,0,2000,0,0,Other,127.33567457123112
Dell,Notebook,15.6,11.487085674623,8,Intel Core i7,Nvidia,256,0,0,0,Windows,141.21199808219862
MSI,Gaming,17.3,11.283969856325212,16,Intel Core i7,Nvidia,256,1000,0,0,Windows,127.33567457123112
Lenovo,Notebook,15.6,9.699146128184514,4,Intel Celeron,Intel,0,1000,0,0,Windows,100.45466986113652
Lenovo,Notebook,15.6,10.419692282932576,8,Intel Core i5,Nvidia,256,0,0,0,Other,141.21199808219862
Acer,Notebook,15.6,10.584910269399517,8,Intel Core i7,Nvidia,0,1000,0,0,Windows,141.21199808219862
Dell,Gaming,15.6,11.903833710189655,16,Intel Core i7,Nvidia,256,1000,0,0,Windows,141.21199808219862
HP,Notebook,15.6,10.301710499387234,8,Intel Core i5,Intel,0,1000,1,0,Windows,100.45466986113652
Apple,Ultrabook,12.0,11.129394827810977,8,Other Intel,Intel,0,0,0,1,Mac,226.4155471693585
Acer,Notebook,15.6,9.58136309252813,4,Intel Celeron,Intel,0,1000,0,0,Linux,100.45466986113652
Asus,Ultrabook,13.3,11.44230332408728,16,Intel Core i7,Intel,512,0,1,0,Windows,165.6321180513006
Asus,Notebook,15.6,10.643789274649537,8,Intel Core i7,Nvidia,256,0,0,1,Windows,141.21199808219862
Dell,2 in 1 Convertible,13.3,11.129394827810977,16,Intel Core i7,Intel,512,0,1,0,Windows,165.6321180513006
HP,Notebook,17.0,10.23111911098328,8,AMD,AMD,0,1000,0,0,Windows,107.98564559226952
Apple,Ultrabook,13.3,10.77677731765335,8,Intel Core i5,Intel,0,0,0,0,Mac,127.67794013309688
Lenovo,2 in 1 Convertible,13.3,11.219074000897615,8,Intel Core i5,Intel,256,0,1,1,Windows,165.6321180513006
Toshiba,Ultrabook,13.3,11.512991062818642,16,Intel Core i7,Intel,512,0,1,0,Windows,165.6321180513006
Lenovo,Notebook,17.3,10.265276597141131,8,Intel Core i5,Intel,0,1000,0,0,Other,106.11306214269258
Dell,Ultrabook,14.0,11.45711672814165,8,Intel Core i7,Intel,256,0,0,0,Windows,157.3505121487356
HP,Ultrabook,12.5,11.71489846116146,8,Intel Core i7,Intel,256,0,0,0,Windows,176.23257360658386
Dell,Notebook,15.6,10.594300009749354,4,Intel Core i5,AMD,256,0,0,0,Windows,141.21199808219862
HP,Notebook,15.6,10.265276597141131,6,Intel Core i3,AMD,0,1000,0,0,Windows,141.21199808219862
Lenovo,Notebook,15.6,10.104611236292678,8,Intel Core i3,Intel,0,1000,0,0,Windows,100.45466986113652
Lenovo,Notebook,13.3,10.106570100778011,4,Intel Celeron,Intel,0,0,0,0,Other,117.82653006268644
Toshiba,Notebook,13.3,11.076412935176185,8,Intel Core i5,Intel,256,0,0,0,Windows,165.6321180513006
HP,Notebook,17.3,10.460211528926417,6,AMD,AMD,0,2000,0,1,Windows,127.33567457123112
Dell,Gaming,17.3,11.91293572239543,32,Intel Core i7,Nvidia,256,1000,0,0,Windows,127.33567457123112
Lenovo,Notebook,15.6,10.12402932214978,4,Intel Core i5,Intel,128,0,0,0,Other,141.21199808219862
Lenovo,Notebook,15.6,10.695781181367428,4,Intel Core i5,Intel,256,0,0,0,Windows,141.21199808219862
Acer,Notebook,15.6,9.866652599193328,4,Intel Core i3,Intel,0,500,0,0,Linux,100.45466986113652
Lenovo,Notebook,15.6,10.53941655276426,8,Intel Core i7,Nvidia,0,1000,0,0,Other,141.21199808219862
Lenovo,2 in 1 Convertible,14.0,11.72918457279188,8,Intel Core i5,Intel,256,0,1,1,Windows,209.8006828649808
Lenovo,Notebook,14.0,9.588689132620203,4,Intel Celeron,Intel,0,0,0,0,Windows,111.93520355955212
HP,Notebook,14.0,11.34705032144641,4,Intel Core i5,Intel,256,0,0,0,Windows,157.3505121487356
Mediacom,Notebook,13.3,9.51682457139056,4,Other Intel,Intel,0,0,0,1,Windows,165.6321180513006
Asus,Notebook,15.6,10.013431946154272,4,Intel Celeron,Intel,128,0,0,0,Windows,100.45466986113652
Lenovo,Gaming,17.3,11.862769612046066,32,Intel Core i7,Nvidia,256,1000,0,1,Windows,127.33567457123112
Asus,Gaming,15.6,11.175239371923306,16,Intel Core i7,Nvidia,128,1000,0,1,Windows,141.21199808219862
Dell,Notebook,17.3,10.765658261746038,8,Intel Core i5,AMD,128,1000,0,1,Linux,127.33567457123112
MSI,Gaming,15.6,11.481603204750256,16,Intel Core i7,Nvidia,256,1000,0,0,Windows,141.21199808219862
Dell,Ultrabook,13.3,11.219074000897615,8,Intel Core i7,Intel,256,0,1,0,Windows,276.053530085501
Dell,Notebook,14.0,11.002618186839925,8,Intel Core i5,Intel,256,0,0,0,Windows,111.93520355955212
Lenovo,Gaming,15.6,11.149519345988928,16,Intel Core i7,Nvidia,512,0,0,1,Windows,141.21199808219862
Lenovo,Notebook,15.6,10.312386757378574,4,Intel Core i3,Intel,128,0,0,0,Windows,100.45466986113652
Acer,2 in 1 Convertible,13.3,10.717261720884188,8,Intel Core i5,Intel,256,0,1,1,Windows,165.6321180513006
Dell,2 in 1 Convertible,15.6,10.655147649183531,4,Intel Core i3,Intel,0,1000,1,1,Windows,141.21199808219862
Lenovo,Notebook,17.3,11.981595204981144,8,Intel Core i7,Nvidia,256,0,0,1,Windows,127.33567457123112
Toshiba,Notebook,14.0,11.311846686253432,8,Intel Core i5,Intel,256,0,1,1,Windows,157.3505121487356
Lenovo,Gaming,15.6,10.900173422280696,8,Intel Core i5,Nvidia,0,1000,0,1,Other,141.21199808219862
HP,2 in 1 Convertible,13.3,11.219074000897615,16,Intel Core i7,Intel,256,0,1,0,Windows,276.053530085501
Dell,Notebook,15.6,10.944364366779205,8,Intel Core i5,Intel,256,0,0,0,Windows,141.21199808219862
Dell,Notebook,15.6,10.060060439307303,6,Intel Core i3,Intel,0,1000,1,0,Windows,100.45466986113652
Acer,Notebook,15.6,10.518018577413224,12,Intel Core i5,Nvidia,0,1000,0,1,Windows,100.45466986113652
Apple,Ultrabook,12.0,11.036037392231934,8,Other Intel,Intel,0,0,0,1,Mac,226.4155471693585
Lenovo,Notebook,15.6,10.9368570721423,4,Intel Core i5,Intel,0,500,0,0,Windows,100.45466986113652
Lenovo,Notebook,14.0,10.81931097523836,8,Intel Core i5,Intel,256,0,0,1,Windows,157.3505121487356
Asus,Notebook,17.3,10.12901686366082,4,Other Intel,Nvidia,0,1000,0,0,Windows,90.58340172449304
Lenovo,Notebook,15.6,10.12402932214978,4,Intel Core i3,Nvidia,0,1000,0,0,Windows,141.21199808219862
Dell,Ultrabook,13.3,11.368208546953756,8,Intel Core i5,Intel,256,0,1,0,Windows,276.053530085501
Lenovo,Ultrabook,14.0,11.779404329770909,16,Intel Core i7,Intel,512,0,0,1,Windows,157.3505121487356
Dell,Notebook,15.6,10.071160338072124,4,Intel Core i3,Intel,0,1000,0,0,Linux,100.45466986113652
Toshiba,Notebook,13.3,11.311846686253432,8,Intel Core i5,Intel,256,0,0,0,Windows,165.6321180513006
Lenovo,Notebook,15.6,10.169762314876662,4,Intel Core i5,Intel,0,1000,0,0,Other,100.45466986113652
HP,Notebook,17.3,10.525211768465944,4,Intel Core i3,AMD,256,0,0,1,Windows,127.33567457123112
Asus,Notebook,15.6,10.333403292740233,6,Intel Core i3,Nvidia,256,0,0,0,Windows,141.21199808219862
Dell,Netbook,11.6,10.587602061065226,4,Other Intel,Intel,128,0,0,0,Windows,135.0942111925629
Toshiba,Ultrabook,13.3,11.44121633636619,16,Intel Core i7,Intel,512,0,0,0,Windows,165.6321180513006
Lenovo,2 in 1 Convertible,13.9,11.352694739066088,8,Intel Core i5,Intel,256,0,1,1,Windows,158.48253022174808
HP,Notebook,15.6,11.064804181259648,4,Intel Core i5,Intel,0,500,0,0,Windows,100.45466986113652
HP,Notebook,15.6,10.188167121983652,4,Intel Core i5,Intel,0,500,0,0,Other,100.45466986113652
HP,Notebook,14.0,11.02220830408089,4,Intel Core i5,Intel,0,500,0,0,Windows,111.93520355955212
Asus,Notebook,15.6,10.34185963789476,8,Other Intel,Intel,128,0,0,0,Windows,141.21199808219862
Dell,Gaming,15.6,11.495795582706762,16,Intel Core i7,Nvidia,512,1000,0,1,Windows,282.42399616439724
HP,Notebook,15.6,10.369151780182763,8,Intel Core i7,Intel,0,1000,0,0,Windows,100.45466986113652
HP,Notebook,15.6,10.862092668762644,8,Intel Core i7,Nvidia,0,1000,0,1,Windows,141.21199808219862
Asus,Notebook,15.6,9.93914036985058,4,Intel Core i3,Intel,0,1000,0,0,Linux,141.21199808219862
Lenovo,Notebook,17.3,11.971204630519404,16,Intel Core i7,Nvidia,512,0,0,1,Windows,254.67134914246225
Asus,Notebook,15.6,9.964497380151284,4,Intel Core i3,Intel,0,1000,0,0,Windows,100.45466986113652
Asus,Notebook,14.0,9.631552837051986,4,Intel Celeron,Intel,0,0,0,0,Windows,111.93520355955212
Lenovo,Gaming,15.6,11.047982926769505,16,Intel Core i7,Nvidia,256,1000,0,1,Windows,141.21199808219862
Dell,Notebook,15.6,10.267037568910904,8,Intel Core i5,Intel,0,1000,0,0,Windows,100.45466986113652
Asus,Gaming,17.3,11.34767905456992,16,Intel Core i7,Nvidia,256,1000,0,0,Windows,127.33567457123112
Dell,2 in 1 Convertible,11.6,10.37747822295932,4,Other Intel,Intel,128,0,1,0,Windows,135.0942111925629
HP,Gaming,15.6,10.776844060703754,8,Intel Core i7,Nvidia,0,1000,0,1,Windows,141.21199808219862
HP,Workstation,15.6,11.28544251205692,8,Intel Core i7,AMD,256,0,0,0,Windows,141.21199808219862
Razer,Gaming,14.0,11.838443060873624,16,Intel Core i7,Nvidia,256,0,0,0,Windows,157.3505121487356
Lenovo,Notebook,15.6,10.370822624347584,8,Intel Core i5,AMD,0,1000,0,0,Other,141.21199808219862
Lenovo,Gaming,15.6,11.219074000897615,8,Intel Core i7,Nvidia,256,1000,0,1,Windows,141.21199808219862
HP,Notebook,15.6,10.51225262382344,8,Intel Core i5,Intel,256,0,0,0,Windows,141.21199808219862
Apple,Ultrabook,12.0,11.116330976323743,8,Other Intel,Intel,256,0,0,1,Mac,226.4155471693585
Lenovo,2 in 1 Convertible,14.0,11.37618160360327,8,Intel Core i5,Intel,256,0,1,1,Windows,209.8006828649808
MSI,Gaming,15.6,11.540318039137862,16,Intel Core i7,Nvidia,256,1000,0,0,Windows,141.21199808219862
Asus,Gaming,15.6,11.18342089766461,8,Intel Core i7,Nvidia,128,1000,0,0,Windows,141.21199808219862
Acer,Notebook,15.6,10.716080385838357,8,Intel Core i7,Nvidia,0,1000,0,0,Linux,141.21199808219862
Lenovo,Gaming,15.6,10.633572072102885,8,Intel Core i5,Nvidia,256,0,0,1,Other,141.21199808219862
Asus,Ultrabook,13.3,11.004648590381796,8,Intel Core i5,Intel,256,0,0,1,Windows,276.053530085501
Lenovo,Notebook,17.3,10.35398720988372,8,Intel Core i5,Nvidia,0,1000,0,0,Other,106.11306214269258
Vero,Notebook,14.0,9.288274273063903,4,Intel Celeron,Intel,0,0,0,0,Windows,157.3505121487356
Lenovo,Notebook,15.6,10.860047678274915,4,Intel Core i5,Nvidia,0,1000,0,1,Windows,141.21199808219862
Dell,Notebook,15.6,10.79174911168878,4,Intel Core i5,Nvidia,128,1000,0,0,Windows,141.21199808219862
HP,Notebook,15.6,11.017847198171877,8,Intel Core i5,Intel,256,0,0,0,Windows,141.21199808219862
HP,Notebook,17.3,11.065637862008224,8,Intel Core i7,Nvidia,256,0,0,0,Windows,127.33567457123112
Lenovo,Gaming,15.6,11.144911042902732,8,Intel Core i7,Nvidia,0,1000,0,1,Windows,141.21199808219862
HP,Notebook,15.6,10.621938553982543,4,Intel Core i3,Intel,256,0,0,0,Windows,100.45466986113652
Dell,2 in 1 Convertible,11.6,10.147261623643049,4,Other Intel,Intel,0,500,1,0,Windows,135.0942111925629
Lenovo,Ultrabook,14.0,11.503355013953575,8,Intel Core i7,Intel,256,0,0,0,Windows,157.3505121487356
Lenovo,Notebook,15.6,10.755482933704386,8,Intel Core i7,Intel,256,0,0,0,Windows,141.21199808219862
Asus,Notebook,13.3,11.02307824758943,8,Intel Core i5,Intel,256,0,0,0,Windows,276.053530085501
Lenovo,Notebook,15.6,10.176070200274824,4,Intel Core i5,Intel,128,0,0,0,Windows,100.45466986113652
Acer,Notebook,17.3,10.666403303650696,4,Intel Core i5,Nvidia,256,0,0,1,Windows,127.33567457123112
HP,Notebook,15.6,10.167923515707006,4,AMD,AMD,0,1000,0,0,Windows,141.21199808219862
Asus,Gaming,17.3,11.307930232161196,16,Intel Core i7,Nvidia,256,1000,0,0,Windows,127.33567457123112
Lenovo,Notebook,15.6,10.03701794516015,8,AMD,AMD,0,1000,0,0,Windows,100.45466986113652
HP,Gaming,17.3,11.004648590381796,8,Intel Core i5,Nvidia,128,1000,0,1,Windows,127.33567457123112
Dell,Ultrabook,13.3,11.352694739066088,8,Intel Core i5,Intel,128,0,1,1,Windows,331.2642361026012
Toshiba,Ultrabook,13.3,11.34705032144641,8,Intel Core i5,Intel,256,0,0,0,Windows,165.6321180513006
HP,Ultrabook,12.5,11.32736089528991,4,Intel Core i5,Intel,256,0,0,0,Windows,125.36742798669836
Lenovo,Gaming,15.6,11.064804181259648,16,Intel Core i7,Nvidia,512,0,0,0,Windows,141.21199808219862
Lenovo,Gaming,15.6,11.21835894902589,16,Intel Core i7,Nvidia,512,0,0,0,Other,141.21199808219862
Apple,Ultrabook,13.3,10.881314302543595,8,Intel Core i5,Intel,0,0,0,0,Mac,127.67794013309688
Asus,2 in 1 Convertible,15.6,10.70777173269934,12,Intel Core i7,Nvidia,0,2000,1,0,Windows,141.21199808219862
HP,Ultrabook,13.3,11.16321819034709,8,Intel Core i7,Intel,512,0,0,1,Windows,165.6321180513006
Asus,Notebook,15.6,9.801561133612584,4,Intel Celeron,Intel,0,1000,0,0,Windows,100.45466986113652
Acer,Notebook,15.6,10.510802297245792,8,Intel Core i7,Nvidia,0,1000,0,0,Windows,141.21199808219862
HP,Notebook,15.6,10.777955789556444,8,Intel Core i7,Nvidia,0,1000,0,0,Windows,141.21199808219862
Asus,Notebook,15.6,10.70777173269934,8,Intel Core i5,Nvidia,128,1000,0,0,Windows,141.21199808219862
Lenovo,Notebook,15.6,11.74620626036131,16,Intel Core i7,Nvidia,512,0,0,0,Windows,282.42399616439724
Asus,Notebook,17.3,11.018720942220474,8,Intel Core i7,Nvidia,128,1000,0,0,Windows,127.33567457123112
Dell,Notebook,15.6,10.187966701099125,4,Intel Core i3,AMD,256,0,0,0,Windows,141.21199808219862
Dell,Notebook,15.6,10.71371352082809,8,Intel Core i5,AMD,128,1000,0,0,Windows,141.21199808219862
HP,Notebook,15.6,11.081347155713406,8,Intel Core i7,Intel,256,0,0,0,Windows,141.21199808219862
Dell,Workstation,15.6,11.197396851520583,8,Intel Core i5,AMD,0,500,0,0,Windows,141.21199808219862
Acer,Notebook,15.6,9.871367833143674,4,Other Intel,Intel,0,1000,0,0,Windows,100.45466986113652
Asus,Gaming,17.3,11.470547260182666,16,Intel Core i7,Nvidia,512,1000,0,0,Windows,127.33567457123112
Asus,Netbook,11.6,9.232535429245788,2,Other Intel,Intel,0,0,0,0,Windows,135.0942111925629
Acer,Ultrabook,14.0,10.79884714858782,8,Intel Core i5,Intel,256,0,0,1,Windows,157.3505121487356
Dell,Notebook,15.6,11.694548697992886,8,Intel Core i5,Nvidia,256,0,1,1,Windows,282.42399616439724
Lenovo,Ultrabook,14.0,11.624777346052769,16,Intel Core i7,Intel,512,0,0,1,Windows,209.8006828649808
HP,Ultrabook,13.3,11.558808550535495,16,Other Intel,Intel,512,0,1,1,Windows,276.053530085501
Asus,Ultrabook,13.3,11.130176383145796,8,Intel Core i7,Intel,256,0,0,0,Windows,165.6321180513006
HP,Notebook,15.6,10.393289544363068,4,Intel Core i5,AMD,0,500,0,0,Windows,100.45466986113652
HP,2 in 1 Convertible,11.6,10.62842405558548,4,Other Intel,Intel,256,0,1,0,Windows,135.0942111925629
Dell,Notebook,17.3,10.964896292206694,8,Intel Core i7,AMD,128,1000,0,0,Windows,127.33567457123112
HP,Notebook,15.6,10.862092668762644,8,Intel Core i5,Nvidia,128,1000,0,1,Windows,141.21199808219862
HP,Notebook,15.6,10.510802297245792,4,Intel Core i7,AMD,0,500,0,1,Windows,141.21199808219862
Dell,Ultrabook,13.3,10.776844060703754,8,Intel Core i5,Intel,128,0,1,1,Windows,165.6321180513006
Lenovo,2 in 1 Convertible,10.1,10.446778399351528,4,Other Intel,Intel,0,0,1,1,Windows,224.1738090785728
Asus,Notebook,15.6,11.144911042902732,12,Intel Core i7,Intel,128,1000,0,1,Windows,282.42399616439724
Asus,Notebook,15.6,10.082583913974387,4,Other Intel,Intel,0,1000,0,0,Windows,100.45466986113652
HP,Notebook,15.6,10.265276597141131,8,Intel Core i3,Intel,256,0,0,0,Windows,141.21199808219862
Asus,Notebook,15.6,10.126163794678414,4,AMD,AMD,0,1000,0,0,Windows,100.45466986113652
Lenovo,Gaming,15.6,10.882315804880689,8,Intel Core i5,Nvidia,128,1000,0,1,Windows,141.21199808219862
HP,Notebook,17.3,10.436872940377548,8,Intel Core i3,Intel,256,0,0,0,Windows,106.11306214269258
HP,Notebook,15.6,10.658921971998408,6,Intel Core i7,Nvidia,0,1000,0,1,Windows,141.21199808219862
Dell,Notebook,17.3,10.977716980635757,8,Intel Core i7,AMD,128,1000,0,0,Linux,127.33567457123112
Dell,Gaming,17.3,12.031987793755118,16,Intel Core i7,Nvidia,512,1000,0,1,Windows,254.67134914246225
Acer,Netbook,11.6,9.134616325446665,2,Intel Celeron,Intel,32,0,0,0,Other,135.0942111925629
Lenovo,Ultrabook,14.0,11.708368556654154,8,Intel Core i7,Intel,512,0,0,1,Windows,209.8006828649808
HP,Netbook,12.5,11.211900368986475,8,Intel Core i5,Intel,256,0,0,0,Windows,125.36742798669836
Lenovo,2 in 1 Convertible,13.9,11.624777346052769,16,Intel Core i7,Intel,512,0,1,1,Windows,316.96506044349616
Acer,Notebook,15.6,9.672654512737536,4,Other Intel,Intel,0,1000,0,0,Linux,100.45466986113652
Dell,Notebook,15.6,10.435449831034946,8,Intel Core i5,AMD,0,1000,0,0,Windows,100.45466986113652
Lenovo,Notebook,15.6,10.147261623643049,4,Intel Core i3,AMD,0,1000,0,0,Other,141.21199808219862
Dell,Notebook,15.6,10.236346354272076,4,Intel Core i5,Intel,0,500,0,0,Linux,100.45466986113652
HP,Notebook,15.6,10.370805929717411,8,Intel Core i5,Intel,256,0,0,0,Windows,141.21199808219862
MSI,Gaming,17.3,11.064804181259648,8,Intel Core i7,Nvidia,256,1000,0,0,Windows,127.33567457123112
MSI,Gaming,15.6,11.039464987704202,8,Intel Core i7,Nvidia,128,1000,0,0,Windows,141.21199808219862
Acer,Notebook,15.6,10.126163794678414,4,Intel Core i3,Nvidia,0,500,0,0,Windows,100.45466986113652
MSI,Gaming,15.6,11.690461589827628,16,Intel Core i7,Nvidia,256,2000,0,0,Windows,141.21199808219862
HP,Notebook,14.0,10.88331630521427,4,Intel Core i5,Intel,0,500,0,0,Windows,157.3505121487356
Acer,Notebook,15.6,10.658921971998408,8,Intel Core i5,Nvidia,256,1000,0,0,Windows,141.21199808219862
HP,Notebook,15.6,10.419692282932576,8,Intel Core i7,Intel,0,2000,0,0,Windows,100.45466986113652
Lenovo,Notebook,15.6,10.7215735450074,8,Intel Core i5,Intel,0,1000,0,1,Windows,141.21199808219862
Lenovo,2 in 1 Convertible,10.1,10.147261623643049,4,Other Intel,Intel,0,0,1,1,Windows,224.1738090785728
